Day,Time,Minute,Second,Speed[rpm],Pattern_X [Pixel], Pattern_Y [Pixel], Film_X [Pixel], Film_Y [Pixel],Film_Result_X [mm], Film_Result_Y [mm],Zoom_1st_X [Pixel], Zoom_1st_Y [Pixel], Zoom_Curr_X [Pixel], Zoom_Curr_Y [Pixel],Normal_1st_X [Pixel], Normal_1st_Y [Pixel], Normal_Curr_X [Pixel], Normal_Curr_Y [Pixel],Zoom_Result_X [mm], Zoom_Result_Y [mm], Film_Result_X [mm], Film_Result_Y [mm],FileName
08,18,44,08,0.0,0.000,0.000,526.278,472.428,0.000,0.000,0.000,0.000,0.000,0.000,0.000,0.000,0.000,0.000,0.000,0.000,0.000,0.000,
08,18,44,08,0.0,0.000,0.000,526.266,472.429,0.000,0.000,0.000,0.000,0.000,0.000,0.000,0.000,0.000,0.000,0.000,0.000,0.000,0.000,
08,18,44,16,0.0,0.000,0.000,525.622,564.273,0.000,0.000,0.000,0.000,0.000,0.000,0.000,0.000,0.000,0.000,0.000,0.000,0.000,0.000,
08,18,44,21,0.0,0.000,0.000,528.773,561.418,0.000,0.000,0.000,0.000,0.000,0.000,0.000,0.000,0.000,0.000,0.000,0.000,0.000,0.000,
08,18,44,23,0.0,0.000,0.000,532.062,532.320,0.000,0.000,0.000,0.000,0.000,0.000,0.000,0.000,0.000,0.000,0.000,0.000,0.000,0.000,
08,18,44,24,0.0,0.000,0.000,535.021,533.685,0.000,0.000,0.000,0.000,0.000,0.000,0.000,0.000,0.000,0.000,0.000,0.000,0.000,0.000,
08,18,44,25,0.0,0.000,0.000,536.986,536.566,0.000,0.000,0.000,0.000,0.000,0.000,0.000,0.000,0.000,0.000,0.000,0.000,0.000,0.000,
08,18,44,26,0.0,0.000,0.000,537.848,535.248,0.000,0.000,0.000,0.000,0.000,0.000,0.000,0.000,0.000,0.000,0.000,0.000,0.000,0.000,
08,18,44,28,0.0,0.000,0.000,537.062,534.554,0.000,0.000,0.000,0.000,0.000,0.000,0.000,0.000,0.000,0.000,0.000,0.000,0.000,0.000,
08,18,44,29,0.0,0.000,0.000,535.179,528.446,0.000,0.000,0.000,0.000,0.000,0.000,0.000,0.000,0.000,0.000,0.000,0.000,0.000,0.000,
08,18,44,30,0.0,204.088,102.092,534.033,531.726,2.179,-1.257,0.000,0.000,0.000,0.000,0.000,0.000,0.000,0.000,0.000,0.000,0.000,0.000,
08,18,44,32,0.0,406.238,136.540,536.185,532.196,1.218,-1.097,0.000,0.000,0.000,0.000,0.000,0.000,0.000,0.000,0.000,0.000,0.000,0.000,
08,18,44,33,0.0,647.649,148.446,538.030,536.961,0.069,-1.059,0.000,0.000,0.000,0.000,0.000,0.000,0.000,0.000,0.000,0.000,0.000,0.000,
08,18,44,34,0.0,0.000,0.000,537.084,536.360,0.000,0.000,0.000,0.000,0.000,0.000,0.000,0.000,0.000,0.000,0.000,0.000,0.000,0.000,
08,18,44,35,0.0,680.726,154.726,535.769,536.062,-0.104,-1.029,0.000,0.000,0.000,0.000,0.000,0.000,0.000,0.000,0.000,0.000,0.000,0.000,
08,18,44,37,0.0,0.000,0.000,534.164,535.405,0.000,0.000,0.000,0.000,0.000,0.000,0.000,0.000,0.000,0.000,0.000,0.000,0.000,0.000,
08,18,44,38,0.0,658.877,170.114,531.367,532.942,-0.019,-0.935,0.000,0.000,0.000,0.000,0.000,0.000,0.000,0.000,0.000,0.000,0.000,0.000,
08,18,44,39,0.0,654.745,172.969,527.935,525.374,-0.018,-0.888,0.000,0.000,0.000,0.000,0.000,0.000,0.000,0.000,0.000,0.000,0.000,0.000,
08,18,44,40,0.0,650.500,199.607,525.290,529.301,-0.007,-0.779,0.000,0.000,0.000,0.000,0.000,0.000,0.000,0.000,0.000,0.000,0.000,0.000,
08,18,44,42,0.0,649.004,229.576,524.126,526.032,-0.005,-0.621,0.000,0.000,0.000,0.000,0.000,0.000,0.000,0.000,0.000,0.000,0.000,0.000,
08,18,44,43,0.0,646.557,251.828,523.686,529.908,0.000,-0.529,0.000,0.000,0.000,0.000,0.000,0.000,0.000,0.000,0.000,0.000,0.000,0.000,
08,18,44,44,0.0,0.000,0.000,522.682,531.238,0.000,0.000,0.000,0.000,0.000,0.000,0.000,0.000,0.000,0.000,0.000,0.000,0.000,0.000,
08,18,44,46,0.0,0.000,0.000,521.518,532.424,0.000,0.000,0.000,0.000,0.000,0.000,0.000,0.000,0.000,0.000,0.000,0.000,0.000,0.000,
08,18,44,47,0.0,0.000,0.000,520.012,532.577,0.000,0.000,0.000,0.000,0.000,0.000,0.000,0.000,0.000,0.000,0.000,0.000,0.000,0.000,
08,18,44,48,0.0,0.000,0.000,516.850,529.108,0.000,0.000,0.000,0.000,0.000,0.000,0.000,0.000,0.000,0.000,0.000,0.000,0.000,0.000,
08,18,44,49,0.0,647.486,330.988,512.906,529.504,-0.055,-0.149,0.000,0.000,0.000,0.000,0.000,0.000,0.000,0.000,0.000,0.000,0.000,0.000,
08,18,44,51,0.0,0.000,0.000,509.386,526.945,0.000,0.000,0.000,0.000,0.000,0.000,0.000,0.000,0.000,0.000,0.000,0.000,0.000,0.000,
08,18,44,52,0.0,0.000,0.000,507.886,527.082,0.000,0.000,0.000,0.000,0.000,0.000,0.000,0.000,0.000,0.000,0.000,0.000,0.000,0.000,
08,18,44,53,0.0,634.234,317.362,508.184,526.176,-0.011,-0.200,0.000,0.000,0.000,0.000,0.000,0.000,0.000,0.000,0.000,0.000,0.000,0.000,
08,18,44,55,0.0,633.390,318.334,507.963,525.475,-0.011,-0.190,0.000,0.000,0.000,0.000,0.000,0.000,0.000,0.000,0.000,0.000,0.000,0.000,
08,18,44,56,0.0,632.511,320.647,506.974,530.077,-0.012,-0.203,0.000,0.000,0.000,0.000,0.000,0.000,0.000,0.000,0.000,0.000,0.000,0.000,
08,18,44,57,0.0,631.270,320.546,506.395,530.324,-0.006,-0.204,0.000,0.000,0.000,0.000,0.000,0.000,0.000,0.000,0.000,0.000,0.000,0.000,
08,18,44,58,0.0,629.100,313.092,505.047,526.819,0.000,-0.220,0.000,0.000,0.000,0.000,0.000,0.000,0.000,0.000,0.000,0.000,0.000,0.000,
08,18,45,00,0.0,627.285,312.399,503.219,524.438,0.000,-0.214,0.000,0.000,0.000,0.000,0.000,0.000,0.000,0.000,0.000,0.000,0.000,0.000,
08,18,45,01,0.0,626.284,312.765,502.011,527.930,0.000,-0.227,0.000,0.000,0.000,0.000,0.000,0.000,0.000,0.000,0.000,0.000,0.000,0.000,
08,18,45,02,0.0,626.977,307.979,502.339,523.722,-0.005,-0.231,0.000,0.000,0.000,0.000,0.000,0.000,0.000,0.000,0.000,0.000,0.000,0.000,
08,18,45,03,0.0,626.589,307.333,503.381,525.180,0.000,-0.243,0.000,0.000,0.000,0.000,0.000,0.000,0.000,0.000,0.000,0.000,0.000,0.000,
08,18,45,05,0.0,0.000,0.000,503.931,524.765,0.000,0.000,0.000,0.000,0.000,0.000,0.000,0.000,0.000,0.000,0.000,0.000,0.000,0.000,
08,18,45,06,0.0,627.313,309.698,503.709,527.110,0.000,-0.241,0.000,0.000,0.000,0.000,0.000,0.000,0.000,0.000,0.000,0.000,0.000,0.000,
08,18,45,07,0.0,627.205,312.535,503.825,527.938,0.000,-0.228,0.000,0.000,0.000,0.000,0.000,0.000,0.000,0.000,0.000,0.000,0.000,0.000,
08,18,45,09,0.0,627.994,307.029,500.923,525.073,-0.019,-0.245,0.000,0.000,0.000,0.000,0.000,0.000,0.000,0.000,0.000,0.000,0.000,0.000,
08,18,45,09,0.0,0.000,0.000,497.888,473.159,0.000,0.000,0.000,0.000,0.000,0.000,0.000,0.000,0.000,0.000,0.000,0.000,0.000,0.000,
08,18,45,10,0.0,0.000,0.000,495.667,471.732,0.000,0.000,0.000,0.000,0.000,0.000,0.000,0.000,0.000,0.000,0.000,0.000,0.000,0.000,
08,18,45,11,0.0,0.000,0.000,496.804,472.495,0.000,0.000,0.000,0.000,0.000,0.000,0.000,0.000,0.000,0.000,0.000,0.000,0.000,0.000,
08,18,45,11,0.0,0.000,0.000,498.632,476.695,0.000,0.000,0.000,0.000,0.000,0.000,0.000,0.000,0.000,0.000,0.000,0.000,0.000,0.000,
08,18,45,12,0.0,0.000,0.000,500.796,476.039,0.000,0.000,0.000,0.000,0.000,0.000,0.000,0.000,0.000,0.000,0.000,0.000,0.000,0.000,
08,18,45,12,0.0,0.000,0.000,502.476,478.262,0.000,0.000,0.000,0.000,0.000,0.000,0.000,0.000,0.000,0.000,0.000,0.000,0.000,0.000,
08,18,45,13,0.0,0.000,0.000,504.284,477.576,0.000,0.000,0.000,0.000,0.000,0.000,0.000,0.000,0.000,0.000,0.000,0.000,0.000,0.000,
08,18,45,13,0.0,0.000,0.000,504.172,478.905,0.000,0.000,0.000,0.000,0.000,0.000,0.000,0.000,0.000,0.000,0.000,0.000,0.000,0.000,
08,18,45,14,0.0,0.000,0.000,503.613,471.536,0.000,0.000,0.000,0.000,0.000,0.000,0.000,0.000,0.000,0.000,0.000,0.000,0.000,0.000,
08,18,45,15,0.0,0.000,0.000,504.051,468.616,0.000,0.000,0.000,0.000,0.000,0.000,0.000,0.000,0.000,0.000,0.000,0.000,0.000,0.000,
08,18,45,15,0.0,0.000,0.000,505.200,469.218,0.000,0.000,0.000,0.000,0.000,0.000,0.000,0.000,0.000,0.000,0.000,0.000,0.000,0.000,
08,18,45,16,0.0,620.555,221.698,506.404,478.889,0.045,-0.429,0.000,0.000,0.000,0.000,0.000,0.000,0.000,0.000,0.000,0.000,0.000,0.000,
08,18,45,16,0.0,0.000,0.000,508.057,479.286,0.000,0.000,0.000,0.000,0.000,0.000,0.000,0.000,0.000,0.000,0.000,0.000,0.000,0.000,
08,18,45,17,0.0,0.000,0.000,509.284,480.877,0.000,0.000,0.000,0.000,0.000,0.000,0.000,0.000,0.000,0.000,0.000,0.000,0.000,0.000,
08,18,45,17,0.0,0.000,0.000,510.127,479.361,0.000,0.000,0.000,0.000,0.000,0.000,0.000,0.000,0.000,0.000,0.000,0.000,0.000,0.000,
08,18,45,18,0.0,0.000,0.000,509.998,480.208,0.000,0.000,0.000,0.000,0.000,0.000,0.000,0.000,0.000,0.000,0.000,0.000,0.000,0.000,
08,18,45,19,0.0,630.905,233.021,507.481,477.630,0.000,-0.370,0.000,0.000,0.000,0.000,0.000,0.000,0.000,0.000,0.000,0.000,0.000,0.000,
08,18,45,19,0.0,630.691,280.225,507.722,476.086,0.000,-0.138,0.000,0.000,0.000,0.000,0.000,0.000,0.000,0.000,0.000,0.000,0.000,0.000,
08,18,45,20,0.0,0.000,0.000,508.862,477.928,0.000,0.000,0.000,0.000,0.000,0.000,0.000,0.000,0.000,0.000,0.000,0.000,0.000,0.000,
08,18,45,20,0.0,0.000,0.000,510.645,474.602,0.000,0.000,0.000,0.000,0.000,0.000,0.000,0.000,0.000,0.000,0.000,0.000,0.000,0.000,
08,18,45,21,0.0,0.000,0.000,512.111,475.650,0.000,0.000,0.000,0.000,0.000,0.000,0.000,0.000,0.000,0.000,0.000,0.000,0.000,0.000,
08,18,45,21,0.0,0.000,0.000,513.578,476.177,0.000,0.000,0.000,0.000,0.000,0.000,0.000,0.000,0.000,0.000,0.000,0.000,0.000,0.000,
08,18,45,22,0.0,0.000,0.000,514.010,479.361,0.000,0.000,0.000,0.000,0.000,0.000,0.000,0.000,0.000,0.000,0.000,0.000,0.000,0.000,
08,18,45,22,0.0,0.000,0.000,513.270,476.423,0.000,0.000,0.000,0.000,0.000,0.000,0.000,0.000,0.000,0.000,0.000,0.000,0.000,0.000,
08,18,45,23,0.0,0.000,0.000,511.657,469.969,0.000,0.000,0.000,0.000,0.000,0.000,0.000,0.000,0.000,0.000,0.000,0.000,0.000,0.000,
08,18,45,24,0.0,630.795,251.561,510.523,469.880,0.015,-0.242,0.000,0.000,0.000,0.000,0.000,0.000,0.000,0.000,0.000,0.000,0.000,0.000,
08,18,45,24,0.0,634.743,251.077,510.334,470.304,-0.004,-0.249,0.000,0.000,0.000,0.000,0.000,0.000,0.000,0.000,0.000,0.000,0.000,0.000,
08,18,45,25,0.0,635.097,258.543,510.662,477.624,-0.005,-0.247,0.000,0.000,0.000,0.000,0.000,0.000,0.000,0.000,0.000,0.000,0.000,0.000,
08,18,45,25,0.0,635.121,264.114,511.351,476.876,0.000,-0.215,0.000,0.000,0.000,0.000,0.000,0.000,0.000,0.000,0.000,0.000,0.000,0.000,
08,18,45,26,0.0,636.567,266.386,511.675,479.960,-0.008,-0.219,0.000,0.000,0.000,0.000,0.000,0.000,0.000,0.000,0.000,0.000,0.000,0.000,
08,18,45,26,0.0,636.121,264.271,511.848,476.394,-0.005,-0.215,0.000,0.000,0.000,0.000,0.000,0.000,0.000,0.000,0.000,0.000,0.000,0.000,
08,18,45,27,0.0,634.200,263.000,510.843,476.698,0.000,-0.221,0.000,0.000,0.000,0.000,0.000,0.000,0.000,0.000,0.000,0.000,0.000,0.000,
08,18,45,28,0.0,631.823,261.655,509.001,472.575,0.006,-0.208,0.000,0.000,0.000,0.000,0.000,0.000,0.000,0.000,0.000,0.000,0.000,0.000,
08,18,45,28,0.0,629.465,253.409,508.379,467.148,0.012,-0.224,0.000,0.000,0.000,0.000,0.000,0.000,0.000,0.000,0.000,0.000,0.000,0.000,
08,18,45,29,0.0,630.617,251.838,508.112,464.285,0.007,-0.217,0.000,0.000,0.000,0.000,0.000,0.000,0.000,0.000,0.000,0.000,0.000,0.000,
08,18,45,29,0.0,631.381,253.583,509.016,470.160,0.008,-0.237,0.000,0.000,0.000,0.000,0.000,0.000,0.000,0.000,0.000,0.000,0.000,0.000,
08,18,45,30,0.0,632.806,256.550,509.431,472.172,0.000,-0.233,0.000,0.000,0.000,0.000,0.000,0.000,0.000,0.000,0.000,0.000,0.000,0.000,
08,18,45,30,0.0,634.634,260.155,509.596,473.260,-0.008,-0.220,0.000,0.000,0.000,0.000,0.000,0.000,0.000,0.000,0.000,0.000,0.000,0.000,
08,18,45,31,0.0,634.430,260.163,509.538,470.332,-0.007,-0.206,0.000,0.000,0.000,0.000,0.000,0.000,0.000,0.000,0.000,0.000,0.000,0.000,
08,18,45,32,0.0,636.207,262.985,507.679,475.529,-0.025,-0.216,0.000,0.000,0.000,0.000,0.000,0.000,0.000,0.000,0.000,0.000,0.000,0.000,
08,18,45,32,0.0,632.875,255.947,504.827,465.449,-0.023,-0.202,0.000,0.000,0.000,0.000,0.000,0.000,0.000,0.000,0.000,0.000,0.000,0.000,
08,18,45,33,0.0,627.666,254.408,503.015,465.412,-0.003,-0.209,0.000,0.000,0.000,0.000,0.000,0.000,0.000,0.000,0.000,0.000,0.000,0.000,
08,18,45,33,0.0,625.746,254.315,502.981,465.736,0.000,-0.210,0.000,0.000,0.000,0.000,0.000,0.000,0.000,0.000,0.000,0.000,0.000,0.000,
08,18,45,34,0.0,624.062,256.380,504.392,471.036,0.019,-0.229,0.000,0.000,0.000,0.000,0.000,0.000,0.000,0.000,0.000,0.000,0.000,0.000,
08,18,45,34,0.0,626.003,257.029,505.589,470.939,0.014,-0.221,0.000,0.000,0.000,0.000,0.000,0.000,0.000,0.000,0.000,0.000,0.000,0.000,
08,18,45,35,0.0,630.384,259.045,506.173,471.917,0.000,-0.216,0.000,0.000,0.000,0.000,0.000,0.000,0.000,0.000,0.000,0.000,0.000,0.000,
08,18,45,36,0.0,632.450,263.437,507.217,474.858,-0.007,-0.209,0.000,0.000,0.000,0.000,0.000,0.000,0.000,0.000,0.000,0.000,0.000,0.000,
08,18,45,36,0.0,632.059,259.546,507.357,473.666,-0.005,-0.223,0.000,0.000,0.000,0.000,0.000,0.000,0.000,0.000,0.000,0.000,0.000,0.000,
08,18,45,37,0.0,629.684,252.799,505.942,463.710,-0.003,-0.207,0.000,0.000,0.000,0.000,0.000,0.000,0.000,0.000,0.000,0.000,0.000,0.000,
08,18,45,37,0.0,628.015,253.229,505.254,465.081,0.005,-0.215,0.000,0.000,0.000,0.000,0.000,0.000,0.000,0.000,0.000,0.000,0.000,0.000,
08,18,45,38,0.0,628.496,253.533,505.453,464.546,0.000,-0.209,0.000,0.000,0.000,0.000,0.000,0.000,0.000,0.000,0.000,0.000,0.000,0.000,
08,18,45,38,0.0,627.357,220.612,505.982,465.433,0.008,-0.371,0.000,0.000,0.000,0.000,0.000,0.000,0.000,0.000,0.000,0.000,0.000,0.000,
08,18,45,39,0.0,0.000,0.000,505.702,467.020,0.000,0.000,0.000,0.000,0.000,0.000,0.000,0.000,0.000,0.000,0.000,0.000,0.000,0.000,
08,18,45,40,0.0,0.000,0.000,503.238,469.301,0.000,0.000,0.000,0.000,0.000,0.000,0.000,0.000,0.000,0.000,0.000,0.000,0.000,0.000,
08,18,45,40,0.0,631.380,247.150,500.400,468.472,-0.035,-0.258,0.000,0.000,0.000,0.000,0.000,0.000,0.000,0.000,0.000,0.000,0.000,0.000,
08,18,45,41,0.0,627.593,250.398,495.926,465.664,-0.041,-0.228,0.000,0.000,0.000,0.000,0.000,0.000,0.000,0.000,0.000,0.000,0.000,0.000,
08,18,45,41,0.0,619.153,249.694,491.326,456.949,-0.020,-0.189,0.000,0.000,0.000,0.000,0.000,0.000,0.000,0.000,0.000,0.000,0.000,0.000,
08,18,45,42,0.0,613.906,248.402,486.853,455.142,-0.019,-0.190,0.000,0.000,0.000,0.000,0.000,0.000,0.000,0.000,0.000,0.000,0.000,0.000,
08,18,45,42,0.0,609.481,249.685,482.530,451.090,-0.017,-0.165,0.000,0.000,0.000,0.000,0.000,0.000,0.000,0.000,0.000,0.000,0.000,0.000,
08,18,45,43,0.0,605.004,248.247,477.944,450.538,-0.019,-0.167,0.000,0.000,0.000,0.000,0.000,0.000,0.000,0.000,0.000,0.000,0.000,0.000,
08,18,45,43,0.0,0.000,0.000,473.980,449.197,0.000,0.000,0.000,0.000,0.000,0.000,0.000,0.000,0.000,0.000,0.000,0.000,0.000,0.000,
08,18,45,44,0.0,600.045,247.784,468.511,451.410,-0.039,-0.174,0.000,0.000,0.000,0.000,0.000,0.000,0.000,0.000,0.000,0.000,0.000,0.000,
08,18,45,45,0.0,596.461,246.750,462.608,453.230,-0.050,-0.188,0.000,0.000,0.000,0.000,0.000,0.000,0.000,0.000,0.000,0.000,0.000,0.000,
08,18,45,45,0.0,584.026,232.913,455.061,442.076,-0.024,-0.202,0.000,0.000,0.000,0.000,0.000,0.000,0.000,0.000,0.000,0.000,0.000,0.000,
08,18,45,46,0.0,577.712,243.055,446.143,451.327,-0.037,-0.197,0.000,0.000,0.000,0.000,0.000,0.000,0.000,0.000,0.000,0.000,0.000,0.000,
08,18,45,46,0.0,570.508,242.642,439.019,453.646,-0.036,-0.208,0.000,0.000,0.000,0.000,0.000,0.000,0.000,0.000,0.000,0.000,0.000,0.000,
08,18,45,47,0.0,563.476,243.366,433.346,456.212,-0.031,-0.219,0.000,0.000,0.000,0.000,0.000,0.000,0.000,0.000,0.000,0.000,0.000,0.000,
08,18,45,47,0.0,554.990,245.927,429.804,466.533,-0.010,-0.255,0.000,0.000,0.000,0.000,0.000,0.000,0.000,0.000,0.000,0.000,0.000,0.000,
08,18,45,48,0.0,0.000,0.000,426.733,483.888,0.000,0.000,0.000,0.000,0.000,0.000,0.000,0.000,0.000,0.000,0.000,0.000,0.000,0.000,
08,18,45,49,0.0,552.677,266.712,423.358,491.833,-0.027,-0.275,0.000,0.000,0.000,0.000,0.000,0.000,0.000,0.000,0.000,0.000,0.000,0.000,
08,18,45,49,0.0,549.077,267.375,420.777,493.041,-0.024,-0.281,0.000,0.000,0.000,0.000,0.000,0.000,0.000,0.000,0.000,0.000,0.000,0.000,
08,18,45,50,0.0,544.424,268.785,416.401,496.311,-0.021,-0.289,0.000,0.000,0.000,0.000,0.000,0.000,0.000,0.000,0.000,0.000,0.000,0.000,
08,18,45,50,0.0,539.817,269.413,411.943,494.031,-0.023,-0.276,0.000,0.000,0.000,0.000,0.000,0.000,0.000,0.000,0.000,0.000,0.000,0.000,
08,18,45,51,0.0,530.208,425.568,410.008,499.511,0.018,0.449,0.000,0.000,0.000,0.000,0.000,0.000,0.000,0.000,0.000,0.000,0.000,0.000,
08,18,45,51,0.0,531.787,207.502,409.489,497.798,0.006,-0.588,0.000,0.000,0.000,0.000,0.000,0.000,0.000,0.000,0.000,0.000,0.000,0.000,
08,18,45,52,0.0,533.218,188.391,410.119,500.150,0.004,-0.694,0.000,0.000,0.000,0.000,0.000,0.000,0.000,0.000,0.000,0.000,0.000,0.000,
08,18,45,53,0.0,0.000,0.000,409.408,503.126,0.000,0.000,0.000,0.000,0.000,0.000,0.000,0.000,0.000,0.000,0.000,0.000,0.000,0.000,
08,18,45,53,0.0,0.000,0.000,409.495,503.315,0.000,0.000,0.000,0.000,0.000,0.000,0.000,0.000,0.000,0.000,0.000,0.000,0.000,0.000,
08,18,45,54,0.0,537.777,253.185,408.511,505.061,-0.028,-0.407,0.000,0.000,0.000,0.000,0.000,0.000,0.000,0.000,0.000,0.000,0.000,0.000,
08,18,45,54,0.0,534.249,262.108,406.246,500.381,-0.020,-0.340,0.000,0.000,0.000,0.000,0.000,0.000,0.000,0.000,0.000,0.000,0.000,0.000,
08,18,45,55,0.0,530.741,267.060,402.367,496.814,-0.023,-0.297,0.000,0.000,0.000,0.000,0.000,0.000,0.000,0.000,0.000,0.000,0.000,0.000,
08,18,45,55,0.0,525.732,269.142,398.762,497.126,-0.018,-0.292,0.000,0.000,0.000,0.000,0.000,0.000,0.000,0.000,0.000,0.000,0.000,0.000,
08,18,45,56,0.0,522.044,267.037,397.209,493.109,-0.005,-0.283,0.000,0.000,0.000,0.000,0.000,0.000,0.000,0.000,0.000,0.000,0.000,0.000,
08,18,45,57,0.0,518.260,274.662,398.193,503.850,0.018,-0.294,0.000,0.000,0.000,0.000,0.000,0.000,0.000,0.000,0.000,0.000,0.000,0.000,
08,18,45,57,0.0,517.610,273.140,399.171,501.888,0.026,-0.292,0.000,0.000,0.000,0.000,0.000,0.000,0.000,0.000,0.000,0.000,0.000,0.000,
08,18,45,58,0.0,525.882,276.278,400.588,503.727,-0.009,-0.287,0.000,0.000,0.000,0.000,0.000,0.000,0.000,0.000,0.000,0.000,0.000,0.000,
08,18,45,58,0.0,527.253,280.838,401.602,505.962,-0.011,-0.274,0.000,0.000,0.000,0.000,0.000,0.000,0.000,0.000,0.000,0.000,0.000,0.000,
08,18,45,59,0.0,524.665,279.391,401.122,507.826,0.000,-0.291,0.000,0.000,0.000,0.000,0.000,0.000,0.000,0.000,0.000,0.000,0.000,0.000,
08,18,45,59,0.0,522.786,277.614,400.627,501.596,0.006,-0.271,0.000,0.000,0.000,0.000,0.000,0.000,0.000,0.000,0.000,0.000,0.000,0.000,
08,18,46,00,0.0,521.495,270.969,401.015,494.484,0.017,-0.269,423.406,550.669,407.108,278.928,0.000,0.000,0.000,0.000,-0.127,-2.120,0.000,0.000,
08,18,46,01,0.0,524.782,274.510,402.641,494.835,0.006,-0.252,425.063,551.438,409.800,281.598,0.000,0.000,0.000,0.000,-0.119,-2.105,0.000,0.000,
08,18,46,01,0.0,526.102,276.703,404.853,499.115,0.009,-0.265,425.060,554.502,411.197,285.393,0.000,0.000,0.000,0.000,-0.108,-2.099,0.000,0.000,
08,18,46,02,0.0,0.000,0.000,406.948,498.381,0.000,0.000,423.452,555.150,403.693,286.029,0.000,0.000,0.000,0.000,-0.154,-2.099,0.000,0.000,
08,18,46,02,0.0,530.612,277.284,408.336,497.421,0.007,-0.253,422.612,552.407,405.232,283.908,0.000,0.000,0.000,0.000,-0.136,-2.094,0.000,0.000,
08,18,46,03,0.0,531.967,269.842,409.705,486.961,0.005,-0.236,422.301,547.457,405.481,276.837,0.000,0.000,0.000,0.000,-0.131,-2.111,0.000,0.000,
08,18,46,03,0.0,0.000,0.000,0.000,0.000,0.000,0.000,422.543,550.766,405.544,278.116,0.000,0.000,0.000,0.000,-0.133,-2.127,0.000,0.000,
08,18,46,04,0.0,0.000,0.000,0.000,0.000,0.000,0.000,421.541,548.134,405.392,274.398,0.000,0.000,0.000,0.000,-0.126,-2.135,0.000,0.000,
08,18,46,04,0.0,0.000,0.000,0.000,0.000,0.000,0.000,421.413,549.000,405.177,279.363,0.000,0.000,0.000,0.000,-0.127,-2.103,0.000,0.000,
08,18,46,05,0.0,0.000,0.000,0.000,0.000,0.000,0.000,421.673,550.165,405.769,283.283,0.000,0.000,0.000,0.000,-0.124,-2.082,0.000,0.000,
08,18,46,06,0.0,0.000,0.000,0.000,0.000,0.000,0.000,419.814,550.133,403.547,284.266,0.000,0.000,0.000,0.000,-0.127,-2.074,0.000,0.000,
08,18,46,06,0.0,0.000,0.000,0.000,0.000,0.000,0.000,418.904,550.282,401.909,285.470,0.000,0.000,0.000,0.000,-0.133,-2.066,0.000,0.000,
08,18,46,07,0.0,0.000,0.000,0.000,0.000,0.000,0.000,418.054,550.977,401.461,286.811,0.000,0.000,0.000,0.000,-0.129,-2.060,0.000,0.000,
08,18,46,07,0.0,0.000,0.000,0.000,0.000,0.000,0.000,418.270,549.011,401.882,282.423,0.000,0.000,0.000,0.000,-0.128,-2.079,0.000,0.000,
08,18,46,08,0.0,0.000,0.000,0.000,0.000,0.000,0.000,413.489,558.076,399.421,89.890,0.000,0.000,0.000,0.000,-0.110,-3.652,0.000,0.000,
08,18,46,44,0.0,0.000,0.000,0.000,0.000,0.000,0.000,0.000,0.000,0.000,0.000,0.000,0.000,0.000,0.000,0.000,0.000,0.000,0.000,
08,18,46,45,0.0,0.000,0.000,483.050,454.160,0.000,0.000,0.000,0.000,0.000,0.000,0.000,0.000,0.000,0.000,0.000,0.000,0.000,0.000,
08,18,46,45,0.0,0.000,0.000,481.155,457.317,0.000,0.000,0.000,0.000,0.000,0.000,0.000,0.000,0.000,0.000,0.000,0.000,0.000,0.000,
08,18,46,46,0.0,0.000,0.000,0.000,0.000,0.000,0.000,0.000,0.000,0.000,0.000,0.000,0.000,0.000,0.000,0.000,0.000,0.000,0.000,
08,18,46,46,0.0,0.000,0.000,481.906,459.343,0.000,0.000,0.000,0.000,0.000,0.000,0.000,0.000,0.000,0.000,0.000,0.000,0.000,0.000,
08,18,46,47,0.0,0.000,0.000,483.182,459.370,0.000,0.000,0.000,0.000,0.000,0.000,0.000,0.000,0.000,0.000,0.000,0.000,0.000,0.000,
08,18,46,48,0.0,0.000,0.000,484.220,461.329,0.000,0.000,0.000,0.000,0.000,0.000,0.000,0.000,0.000,0.000,0.000,0.000,0.000,0.000,
08,18,46,48,0.0,0.000,0.000,484.458,463.803,0.000,0.000,0.000,0.000,0.000,0.000,0.000,0.000,0.000,0.000,0.000,0.000,0.000,0.000,
08,18,46,49,0.0,0.000,0.000,484.038,459.743,0.000,0.000,0.000,0.000,0.000,0.000,0.000,0.000,0.000,0.000,0.000,0.000,0.000,0.000,
08,18,46,49,0.0,0.000,0.000,483.179,454.215,0.000,0.000,0.000,0.000,0.000,0.000,0.000,0.000,0.000,0.000,0.000,0.000,0.000,0.000,
08,18,46,50,0.0,0.000,0.000,482.364,453.206,0.000,0.000,0.000,0.000,0.000,0.000,0.000,0.000,0.000,0.000,0.000,0.000,0.000,0.000,
08,18,46,50,0.0,0.000,0.000,483.009,455.129,0.000,0.000,0.000,0.000,0.000,0.000,0.000,0.000,0.000,0.000,0.000,0.000,0.000,0.000,
08,18,46,51,0.0,0.000,0.000,484.718,458.062,0.000,0.000,0.000,0.000,0.000,0.000,0.000,0.000,0.000,0.000,0.000,0.000,0.000,0.000,
08,18,46,52,0.0,0.000,0.000,485.918,462.170,0.000,0.000,0.000,0.000,0.000,0.000,0.000,0.000,0.000,0.000,0.000,0.000,0.000,0.000,
08,18,46,52,0.0,0.000,0.000,487.356,467.024,0.000,0.000,0.000,0.000,0.000,0.000,0.000,0.000,0.000,0.000,0.000,0.000,0.000,0.000,
08,18,46,53,0.0,0.000,0.000,488.227,463.321,0.000,0.000,0.000,0.000,0.000,0.000,0.000,0.000,0.000,0.000,0.000,0.000,0.000,0.000,
08,18,46,53,0.0,526.195,429.234,487.661,463.237,0.407,0.635,0.000,0.000,0.000,0.000,0.000,0.000,0.000,0.000,0.000,0.000,0.000,0.000,
08,18,46,54,0.0,577.957,422.521,488.219,458.865,0.163,0.627,0.000,0.000,0.000,0.000,0.000,0.000,0.000,0.000,0.000,0.000,0.000,0.000,
08,18,46,54,0.0,605.002,398.172,487.239,461.526,0.029,0.495,0.000,0.000,0.000,0.000,0.000,0.000,0.000,0.000,0.000,0.000,0.000,0.000,
08,18,46,55,0.0,586.408,367.640,484.971,461.758,0.104,0.349,0.000,0.000,0.000,0.000,0.000,0.000,0.000,0.000,0.000,0.000,0.000,0.000,
08,18,46,56,0.0,587.632,335.958,486.024,464.411,0.107,0.182,0.000,0.000,0.000,0.000,0.000,0.000,0.000,0.000,0.000,0.000,0.000,0.000,
08,18,46,56,0.0,0.000,0.000,488.149,465.437,0.000,0.000,0.000,0.000,0.000,0.000,0.000,0.000,0.000,0.000,0.000,0.000,0.000,0.000,
08,18,46,57,0.0,619.966,282.760,489.949,469.035,-0.033,-0.097,0.000,0.000,0.000,0.000,0.000,0.000,0.000,0.000,0.000,0.000,0.000,0.000,
08,18,46,57,0.0,620.931,262.995,490.054,468.351,-0.033,-0.187,0.000,0.000,0.000,0.000,0.000,0.000,0.000,0.000,0.000,0.000,0.000,0.000,
08,18,46,58,0.0,615.255,245.789,488.525,463.150,-0.016,-0.246,0.000,0.000,0.000,0.000,0.000,0.000,0.000,0.000,0.000,0.000,0.000,0.000,
08,18,46,58,0.0,609.221,241.854,487.670,456.029,0.009,-0.231,0.000,0.000,0.000,0.000,0.000,0.000,0.000,0.000,0.000,0.000,0.000,0.000,
08,18,46,59,0.0,605.800,246.865,487.157,461.789,0.025,-0.231,0.000,0.000,0.000,0.000,0.000,0.000,0.000,0.000,0.000,0.000,0.000,0.000,
08,18,47,00,0.0,609.672,246.993,488.928,459.510,0.011,-0.221,0.000,0.000,0.000,0.000,0.000,0.000,0.000,0.000,0.000,0.000,0.000,0.000,
08,18,47,00,0.0,612.152,253.949,490.782,468.190,0.009,-0.231,0.000,0.000,0.000,0.000,0.000,0.000,0.000,0.000,0.000,0.000,0.000,0.000,
08,18,47,01,0.0,0.000,0.000,491.984,466.898,0.000,0.000,0.000,0.000,0.000,0.000,0.000,0.000,0.000,0.000,0.000,0.000,0.000,0.000,
08,18,47,01,0.0,617.990,258.839,493.850,469.509,-0.005,-0.212,0.000,0.000,0.000,0.000,0.000,0.000,0.000,0.000,0.000,0.000,0.000,0.000,
08,18,47,02,0.0,618.115,262.839,494.877,472.016,0.000,-0.207,0.000,0.000,0.000,0.000,0.000,0.000,0.000,0.000,0.000,0.000,0.000,0.000,
08,18,47,02,0.0,615.717,257.245,494.728,467.597,0.011,-0.210,0.000,0.000,0.000,0.000,0.000,0.000,0.000,0.000,0.000,0.000,0.000,0.000,
08,18,47,03,0.0,615.623,257.118,493.755,463.990,0.007,-0.191,0.000,0.000,0.000,0.000,0.000,0.000,0.000,0.000,0.000,0.000,0.000,0.000,
08,18,47,04,0.0,616.262,256.029,493.094,464.290,0.004,-0.201,0.000,0.000,0.000,0.000,0.000,0.000,0.000,0.000,0.000,0.000,0.000,0.000,
08,18,47,04,0.0,618.598,249.516,494.006,456.391,0.000,-0.194,0.000,0.000,0.000,0.000,0.000,0.000,0.000,0.000,0.000,0.000,0.000,0.000,
08,18,47,05,0.0,618.167,252.990,494.650,463.320,0.000,-0.211,0.000,0.000,0.000,0.000,0.000,0.000,0.000,0.000,0.000,0.000,0.000,0.000,
08,18,47,05,0.0,0.000,0.000,495.597,465.152,0.000,0.000,0.000,0.000,0.000,0.000,0.000,0.000,0.000,0.000,0.000,0.000,0.000,0.000,
08,18,47,06,0.0,0.000,0.000,496.549,466.714,0.000,0.000,0.000,0.000,0.000,0.000,0.000,0.000,0.000,0.000,0.000,0.000,0.000,0.000,
08,18,47,06,0.0,621.380,260.979,496.526,464.546,-0.007,-0.178,0.000,0.000,0.000,0.000,0.000,0.000,0.000,0.000,0.000,0.000,0.000,0.000,
08,18,47,07,0.0,619.434,258.069,495.580,461.385,0.000,-0.177,0.000,0.000,0.000,0.000,0.000,0.000,0.000,0.000,0.000,0.000,0.000,0.000,
08,18,47,07,0.0,618.160,255.105,494.631,457.229,0.000,-0.172,0.000,0.000,0.000,0.000,0.000,0.000,0.000,0.000,0.000,0.000,0.000,0.000,
08,18,47,08,0.0,616.787,251.551,494.634,457.448,0.006,-0.189,0.000,0.000,0.000,0.000,0.000,0.000,0.000,0.000,0.000,0.000,0.000,0.000,
08,18,47,09,0.0,618.578,253.081,495.832,459.890,0.000,-0.192,0.000,0.000,0.000,0.000,0.000,0.000,0.000,0.000,0.000,0.000,0.000,0.000,
08,18,47,09,0.0,617.970,253.163,497.874,464.466,0.015,-0.215,0.000,0.000,0.000,0.000,0.000,0.000,0.000,0.000,0.000,0.000,0.000,0.000,
08,18,47,10,0.0,0.000,0.000,499.831,464.411,0.000,0.000,0.000,0.000,0.000,0.000,0.000,0.000,0.000,0.000,0.000,0.000,0.000,0.000,
08,18,47,10,0.0,0.000,0.000,501.034,467.919,0.000,0.000,0.000,0.000,0.000,0.000,0.000,0.000,0.000,0.000,0.000,0.000,0.000,0.000,
08,18,47,11,0.0,624.087,261.699,500.560,467.804,0.000,-0.189,0.000,0.000,0.000,0.000,0.000,0.000,0.000,0.000,0.000,0.000,0.000,0.000,
08,18,47,11,0.0,622.418,259.969,499.453,467.704,0.000,-0.197,0.000,0.000,0.000,0.000,0.000,0.000,0.000,0.000,0.000,0.000,0.000,0.000,
08,18,47,12,0.0,618.585,245.846,496.352,464.649,0.007,-0.250,0.000,0.000,0.000,0.000,0.000,0.000,0.000,0.000,0.000,0.000,0.000,0.000,
08,18,47,13,0.0,619.299,270.608,495.082,463.358,0.000,-0.127,0.000,0.000,0.000,0.000,0.000,0.000,0.000,0.000,0.000,0.000,0.000,0.000,
08,18,47,13,0.0,620.822,273.632,494.066,460.194,-0.014,-0.098,0.000,0.000,0.000,0.000,0.000,0.000,0.000,0.000,0.000,0.000,0.000,0.000,
08,18,47,14,0.0,620.187,268.859,494.352,462.083,-0.010,-0.130,0.000,0.000,0.000,0.000,0.000,0.000,0.000,0.000,0.000,0.000,0.000,0.000,
08,18,47,14,0.0,0.000,0.000,494.786,463.589,0.000,0.000,0.000,0.000,0.000,0.000,0.000,0.000,0.000,0.000,0.000,0.000,0.000,0.000,
08,18,47,15,0.0,621.044,265.157,494.907,466.607,-0.015,-0.167,0.000,0.000,0.000,0.000,0.000,0.000,0.000,0.000,0.000,0.000,0.000,0.000,
08,18,47,15,0.0,620.025,260.584,494.227,462.736,-0.010,-0.170,0.000,0.000,0.000,0.000,0.000,0.000,0.000,0.000,0.000,0.000,0.000,0.000,
08,18,47,16,0.0,616.109,254.687,492.779,460.656,0.000,-0.189,0.000,0.000,0.000,0.000,0.000,0.000,0.000,0.000,0.000,0.000,0.000,0.000,
08,18,47,17,0.0,614.718,253.169,490.496,456.458,-0.003,-0.177,0.000,0.000,0.000,0.000,0.000,0.000,0.000,0.000,0.000,0.000,0.000,0.000,
08,18,47,17,0.0,613.395,251.630,489.513,457.456,0.000,-0.189,0.000,0.000,0.000,0.000,0.000,0.000,0.000,0.000,0.000,0.000,0.000,0.000,
08,18,47,18,0.0,613.932,253.038,490.007,457.493,0.000,-0.182,0.000,0.000,0.000,0.000,0.000,0.000,0.000,0.000,0.000,0.000,0.000,0.000,
08,18,47,18,0.0,612.944,250.867,491.452,459.868,0.010,-0.202,0.000,0.000,0.000,0.000,0.000,0.000,0.000,0.000,0.000,0.000,0.000,0.000,
08,18,47,19,0.0,0.000,0.000,492.451,462.591,0.000,0.000,0.000,0.000,0.000,0.000,0.000,0.000,0.000,0.000,0.000,0.000,0.000,0.000,
08,18,47,19,0.0,616.470,255.297,493.490,465.170,0.000,-0.210,0.000,0.000,0.000,0.000,0.000,0.000,0.000,0.000,0.000,0.000,0.000,0.000,
08,18,47,20,0.0,617.137,257.832,493.846,465.497,0.000,-0.198,0.000,0.000,0.000,0.000,0.000,0.000,0.000,0.000,0.000,0.000,0.000,0.000,
08,18,47,21,0.0,616.315,254.014,493.051,463.772,0.003,-0.206,0.000,0.000,0.000,0.000,0.000,0.000,0.000,0.000,0.000,0.000,0.000,0.000,
08,18,47,21,0.0,615.773,252.687,491.322,460.070,-0.004,-0.198,0.000,0.000,0.000,0.000,0.000,0.000,0.000,0.000,0.000,0.000,0.000,0.000,
08,18,47,22,0.0,614.768,252.932,490.334,460.372,-0.004,-0.197,0.000,0.000,0.000,0.000,0.000,0.000,0.000,0.000,0.000,0.000,0.000,0.000,
08,18,47,22,0.0,0.000,0.000,491.288,460.031,0.000,0.000,0.000,0.000,0.000,0.000,0.000,0.000,0.000,0.000,0.000,0.000,0.000,0.000,
08,18,47,23,0.0,614.273,256.041,493.374,466.198,0.013,-0.211,0.000,0.000,0.000,0.000,0.000,0.000,0.000,0.000,0.000,0.000,0.000,0.000,
08,18,47,23,0.0,0.000,0.000,494.564,463.442,0.000,0.000,0.000,0.000,0.000,0.000,0.000,0.000,0.000,0.000,0.000,0.000,0.000,0.000,
08,18,47,24,0.0,0.000,0.000,496.177,467.196,0.000,0.000,0.000,0.000,0.000,0.000,0.000,0.000,0.000,0.000,0.000,0.000,0.000,0.000,
08,18,47,24,0.0,619.525,259.653,497.826,466.954,0.007,-0.194,0.000,0.000,0.000,0.000,0.000,0.000,0.000,0.000,0.000,0.000,0.000,0.000,
08,18,47,25,0.0,618.086,256.263,497.341,466.342,0.014,-0.210,0.000,0.000,0.000,0.000,0.000,0.000,0.000,0.000,0.000,0.000,0.000,0.000,
08,18,47,26,0.0,619.168,254.716,496.288,462.069,0.004,-0.198,0.000,0.000,0.000,0.000,0.000,0.000,0.000,0.000,0.000,0.000,0.000,0.000,
08,18,47,26,0.0,619.251,251.328,495.938,458.371,0.000,-0.195,0.000,0.000,0.000,0.000,0.000,0.000,0.000,0.000,0.000,0.000,0.000,0.000,
08,18,47,27,0.0,0.000,0.000,496.746,460.516,0.000,0.000,0.000,0.000,0.000,0.000,0.000,0.000,0.000,0.000,0.000,0.000,0.000,0.000,
08,18,47,27,0.0,620.744,256.639,498.267,464.129,0.006,-0.199,0.000,0.000,0.000,0.000,0.000,0.000,0.000,0.000,0.000,0.000,0.000,0.000,
08,18,47,28,0.0,0.000,0.000,498.661,464.057,0.000,0.000,0.000,0.000,0.000,0.000,0.000,0.000,0.000,0.000,0.000,0.000,0.000,0.000,
08,18,47,28,0.0,0.000,0.000,499.394,468.353,0.000,0.000,0.000,0.000,0.000,0.000,0.000,0.000,0.000,0.000,0.000,0.000,0.000,0.000,
08,18,47,29,0.0,624.921,258.878,498.876,468.031,-0.014,-0.207,0.000,0.000,0.000,0.000,0.000,0.000,0.000,0.000,0.000,0.000,0.000,0.000,
08,18,47,30,0.0,622.305,255.445,496.974,464.500,-0.011,-0.204,0.000,0.000,0.000,0.000,0.000,0.000,0.000,0.000,0.000,0.000,0.000,0.000,
08,18,47,30,0.0,619.580,252.853,494.316,459.996,-0.008,-0.193,0.000,0.000,0.000,0.000,0.000,0.000,0.000,0.000,0.000,0.000,0.000,0.000,
08,18,47,31,0.0,617.576,250.847,493.274,458.050,0.000,-0.198,0.000,0.000,0.000,0.000,0.000,0.000,0.000,0.000,0.000,0.000,0.000,0.000,
08,18,47,31,0.0,0.000,0.000,493.715,456.982,0.000,0.000,0.000,0.000,0.000,0.000,0.000,0.000,0.000,0.000,0.000,0.000,0.000,0.000,
08,18,47,32,0.0,615.550,253.177,494.618,459.989,0.012,-0.191,0.000,0.000,0.000,0.000,0.000,0.000,0.000,0.000,0.000,0.000,0.000,0.000,
08,18,47,32,0.0,0.000,0.000,496.377,458.617,0.000,0.000,0.000,0.000,0.000,0.000,0.000,0.000,0.000,0.000,0.000,0.000,0.000,0.000,
08,18,47,33,0.0,620.520,256.093,497.896,463.291,0.000,-0.196,0.000,0.000,0.000,0.000,0.000,0.000,0.000,0.000,0.000,0.000,0.000,0.000,
08,18,47,34,0.0,620.862,257.704,498.604,463.205,0.005,-0.189,0.000,0.000,0.000,0.000,0.000,0.000,0.000,0.000,0.000,0.000,0.000,0.000,
08,18,47,34,0.0,619.286,256.962,497.572,461.472,0.008,-0.183,0.000,0.000,0.000,0.000,0.000,0.000,0.000,0.000,0.000,0.000,0.000,0.000,
08,18,47,35,0.0,620.165,251.325,495.750,457.369,-0.006,-0.190,0.000,0.000,0.000,0.000,0.000,0.000,0.000,0.000,0.000,0.000,0.000,0.000,
08,18,47,35,0.0,619.706,253.701,494.912,458.297,-0.008,-0.184,0.000,0.000,0.000,0.000,0.000,0.000,0.000,0.000,0.000,0.000,0.000,0.000,
08,18,47,36,0.0,619.905,252.920,495.388,458.011,-0.004,-0.188,0.000,0.000,0.000,0.000,0.000,0.000,0.000,0.000,0.000,0.000,0.000,0.000,
08,18,47,36,0.0,617.178,250.110,495.973,457.717,0.009,-0.196,0.000,0.000,0.000,0.000,0.000,0.000,0.000,0.000,0.000,0.000,0.000,0.000,
08,18,47,37,0.0,0.000,0.000,496.932,462.599,0.000,0.000,0.000,0.000,0.000,0.000,0.000,0.000,0.000,0.000,0.000,0.000,0.000,0.000,
08,18,47,38,0.0,620.691,256.574,497.809,464.704,0.000,-0.199,0.000,0.000,0.000,0.000,0.000,0.000,0.000,0.000,0.000,0.000,0.000,0.000,
08,18,47,38,0.0,621.408,256.510,498.012,463.018,0.000,-0.194,0.000,0.000,0.000,0.000,0.000,0.000,0.000,0.000,0.000,0.000,0.000,0.000,
08,18,47,39,0.0,620.485,252.294,497.412,461.038,0.000,-0.205,0.000,0.000,0.000,0.000,0.000,0.000,0.000,0.000,0.000,0.000,0.000,0.000,
08,18,47,39,0.0,619.986,251.864,496.346,456.260,0.000,-0.183,0.000,0.000,0.000,0.000,0.000,0.000,0.000,0.000,0.000,0.000,0.000,0.000,
08,18,47,40,0.0,619.883,252.567,495.965,458.531,-0.004,-0.189,0.000,0.000,0.000,0.000,0.000,0.000,0.000,0.000,0.000,0.000,0.000,0.000,
08,18,47,40,0.0,619.617,250.805,497.220,456.134,0.007,-0.188,0.000,0.000,0.000,0.000,0.000,0.000,0.000,0.000,0.000,0.000,0.000,0.000,
08,18,47,41,0.0,618.048,250.912,499.426,458.500,0.024,-0.197,0.000,0.000,0.000,0.000,0.000,0.000,0.000,0.000,0.000,0.000,0.000,0.000,
08,18,47,42,0.0,0.000,0.000,501.325,462.367,0.000,0.000,0.000,0.000,0.000,0.000,0.000,0.000,0.000,0.000,0.000,0.000,0.000,0.000,
08,18,47,42,0.0,625.572,257.929,503.326,465.185,0.007,-0.197,0.000,0.000,0.000,0.000,0.000,0.000,0.000,0.000,0.000,0.000,0.000,0.000,
08,18,47,43,0.0,626.963,258.816,504.158,464.249,0.005,-0.188,0.000,0.000,0.000,0.000,0.000,0.000,0.000,0.000,0.000,0.000,0.000,0.000,
08,18,47,43,0.0,626.766,256.181,504.437,463.390,0.006,-0.196,0.000,0.000,0.000,0.000,0.000,0.000,0.000,0.000,0.000,0.000,0.000,0.000,
08,18,47,44,0.0,626.757,252.837,503.265,457.131,0.000,-0.183,0.000,0.000,0.000,0.000,0.000,0.000,0.000,0.000,0.000,0.000,0.000,0.000,
08,18,47,44,0.0,626.946,254.936,502.800,461.168,-0.005,-0.192,0.000,0.000,0.000,0.000,0.000,0.000,0.000,0.000,0.000,0.000,0.000,0.000,
08,18,47,45,0.0,628.224,257.298,503.527,459.177,-0.006,-0.171,0.000,0.000,0.000,0.000,0.000,0.000,0.000,0.000,0.000,0.000,0.000,0.000,
08,18,47,45,0.0,626.238,257.734,505.013,463.139,0.013,-0.188,0.000,0.000,0.000,0.000,0.000,0.000,0.000,0.000,0.000,0.000,0.000,0.000,
08,18,47,46,0.0,0.000,0.000,506.484,463.514,0.000,0.000,0.000,0.000,0.000,0.000,0.000,0.000,0.000,0.000,0.000,0.000,0.000,0.000,
08,18,47,47,0.0,0.000,0.000,507.976,466.200,0.000,0.000,0.000,0.000,0.000,0.000,0.000,0.000,0.000,0.000,0.000,0.000,0.000,0.000,
08,18,47,47,0.0,630.787,260.691,508.311,467.396,0.006,-0.193,0.000,0.000,0.000,0.000,0.000,0.000,0.000,0.000,0.000,0.000,0.000,0.000,
08,18,47,48,0.0,630.031,256.633,508.119,463.596,0.009,-0.194,0.000,0.000,0.000,0.000,0.000,0.000,0.000,0.000,0.000,0.000,0.000,0.000,
08,18,47,48,0.0,630.962,254.626,507.237,460.536,0.000,-0.189,0.000,0.000,0.000,0.000,0.000,0.000,0.000,0.000,0.000,0.000,0.000,0.000,
08,18,47,49,0.0,630.498,253.385,506.577,459.813,0.000,-0.190,0.000,0.000,0.000,0.000,0.000,0.000,0.000,0.000,0.000,0.000,0.000,0.000,
08,18,47,49,0.0,632.423,255.154,507.167,460.367,-0.007,-0.186,0.000,0.000,0.000,0.000,0.000,0.000,0.000,0.000,0.000,0.000,0.000,0.000,
08,18,47,50,0.0,630.335,256.209,507.958,464.756,0.003,-0.201,0.000,0.000,0.000,0.000,0.000,0.000,0.000,0.000,0.000,0.000,0.000,0.000,
08,18,47,51,0.0,0.000,0.000,508.947,466.939,0.000,0.000,0.000,0.000,0.000,0.000,0.000,0.000,0.000,0.000,0.000,0.000,0.000,0.000,
08,18,47,51,0.0,0.000,0.000,509.754,468.205,0.000,0.000,0.000,0.000,0.000,0.000,0.000,0.000,0.000,0.000,0.000,0.000,0.000,0.000,
08,18,47,52,0.0,633.564,261.922,509.669,468.929,0.000,-0.192,0.000,0.000,0.000,0.000,0.000,0.000,0.000,0.000,0.000,0.000,0.000,0.000,
08,18,47,52,0.0,641.598,239.139,508.278,466.705,-0.046,-0.292,0.000,0.000,0.000,0.000,0.000,0.000,0.000,0.000,0.000,0.000,0.000,0.000,
08,18,47,53,0.0,636.099,237.478,505.776,459.471,-0.034,-0.267,0.000,0.000,0.000,0.000,0.000,0.000,0.000,0.000,0.000,0.000,0.000,0.000,
08,18,47,53,0.0,628.695,240.153,504.693,459.399,-0.003,-0.254,0.000,0.000,0.000,0.000,0.000,0.000,0.000,0.000,0.000,0.000,0.000,0.000,
08,18,47,54,0.0,623.983,245.194,505.546,460.156,0.024,-0.234,0.000,0.000,0.000,0.000,0.000,0.000,0.000,0.000,0.000,0.000,0.000,0.000,
08,18,47,55,0.0,624.595,246.708,507.161,462.362,0.031,-0.237,0.000,0.000,0.000,0.000,0.000,0.000,0.000,0.000,0.000,0.000,0.000,0.000,
08,18,47,55,0.0,632.054,252.441,508.047,464.050,0.000,-0.219,0.000,0.000,0.000,0.000,0.000,0.000,0.000,0.000,0.000,0.000,0.000,0.000,
08,18,47,56,0.0,635.273,255.767,509.635,465.440,-0.011,-0.208,0.000,0.000,0.000,0.000,0.000,0.000,0.000,0.000,0.000,0.000,0.000,0.000,
08,18,47,56,0.0,634.969,258.274,510.068,465.967,-0.005,-0.195,0.000,0.000,0.000,0.000,0.000,0.000,0.000,0.000,0.000,0.000,0.000,0.000,
08,18,47,57,0.0,633.176,254.513,509.498,463.677,0.000,-0.204,0.000,0.000,0.000,0.000,0.000,0.000,0.000,0.000,0.000,0.000,0.000,0.000,
08,18,47,57,0.0,632.144,254.038,507.377,460.950,-0.005,-0.192,0.000,0.000,0.000,0.000,0.000,0.000,0.000,0.000,0.000,0.000,0.000,0.000,
08,18,47,58,0.0,631.450,254.776,506.338,462.778,-0.007,-0.198,0.000,0.000,0.000,0.000,0.000,0.000,0.000,0.000,0.000,0.000,0.000,0.000,
08,18,47,59,0.0,629.107,253.816,506.427,459.618,0.004,-0.188,0.000,0.000,0.000,0.000,0.000,0.000,0.000,0.000,0.000,0.000,0.000,0.000,
08,18,47,59,0.0,629.388,256.312,507.096,464.770,0.008,-0.200,0.000,0.000,0.000,0.000,0.000,0.000,0.000,0.000,0.000,0.000,0.000,0.000,
08,18,48,00,0.0,630.194,259.477,507.241,466.569,0.004,-0.195,0.000,0.000,0.000,0.000,0.000,0.000,0.000,0.000,0.000,0.000,0.000,0.000,
08,18,48,00,0.0,632.789,259.767,507.804,468.444,-0.009,-0.203,0.000,0.000,0.000,0.000,0.000,0.000,0.000,0.000,0.000,0.000,0.000,0.000,
08,18,48,01,0.0,632.374,257.641,507.262,465.630,-0.007,-0.199,0.000,0.000,0.000,0.000,0.000,0.000,0.000,0.000,0.000,0.000,0.000,0.000,
08,18,48,01,0.0,630.705,256.325,505.071,463.176,-0.008,-0.195,0.000,0.000,0.000,0.000,0.000,0.000,0.000,0.000,0.000,0.000,0.000,0.000,
08,18,48,02,0.0,629.039,252.759,502.457,458.148,-0.015,-0.188,0.000,0.000,0.000,0.000,0.000,0.000,0.000,0.000,0.000,0.000,0.000,0.000,
08,18,48,02,0.0,627.601,250.776,500.980,456.710,-0.017,-0.188,0.000,0.000,0.000,0.000,0.000,0.000,0.000,0.000,0.000,0.000,0.000,0.000,
08,18,48,03,0.0,623.215,252.485,501.115,457.368,0.009,-0.185,0.000,0.000,0.000,0.000,0.000,0.000,0.000,0.000,0.000,0.000,0.000,0.000,
08,18,48,04,0.0,621.450,254.944,502.271,462.047,0.022,-0.197,0.000,0.000,0.000,0.000,0.000,0.000,0.000,0.000,0.000,0.000,0.000,0.000,
08,18,48,04,0.0,625.392,259.117,503.834,464.039,0.008,-0.187,0.000,0.000,0.000,0.000,0.000,0.000,0.000,0.000,0.000,0.000,0.000,0.000,
08,18,48,05,0.0,628.763,256.908,504.547,464.827,-0.004,-0.197,0.000,0.000,0.000,0.000,0.000,0.000,0.000,0.000,0.000,0.000,0.000,0.000,
08,18,48,05,0.0,629.276,256.196,504.608,463.794,-0.006,-0.196,0.000,0.000,0.000,0.000,0.000,0.000,0.000,0.000,0.000,0.000,0.000,0.000,
08,18,48,06,0.0,628.030,253.144,503.464,461.582,-0.005,-0.201,0.000,0.000,0.000,0.000,0.000,0.000,0.000,0.000,0.000,0.000,0.000,0.000,
08,18,48,06,0.0,626.773,250.497,501.383,456.853,-0.009,-0.190,0.000,0.000,0.000,0.000,0.000,0.000,0.000,0.000,0.000,0.000,0.000,0.000,
08,18,48,07,0.0,625.916,250.892,499.977,456.152,-0.014,-0.188,0.000,0.000,0.000,0.000,0.000,0.000,0.000,0.000,0.000,0.000,0.000,0.000,
08,18,48,08,0.0,623.241,253.108,499.880,457.856,0.000,-0.182,0.000,0.000,0.000,0.000,0.000,0.000,0.000,0.000,0.000,0.000,0.000,0.000,
08,18,48,08,0.0,622.499,252.802,501.033,459.716,0.012,-0.193,0.000,0.000,0.000,0.000,0.000,0.000,0.000,0.000,0.000,0.000,0.000,0.000,
08,18,48,09,0.0,623.562,258.266,501.681,464.704,0.007,-0.191,0.000,0.000,0.000,0.000,0.000,0.000,0.000,0.000,0.000,0.000,0.000,0.000,
08,18,48,09,0.0,625.856,254.584,502.408,462.988,0.000,-0.199,0.000,0.000,0.000,0.000,0.000,0.000,0.000,0.000,0.000,0.000,0.000,0.000,
08,18,48,10,0.0,626.509,256.119,501.789,463.093,-0.007,-0.196,0.000,0.000,0.000,0.000,0.000,0.000,0.000,0.000,0.000,0.000,0.000,0.000,
08,18,48,10,0.0,625.494,255.515,501.145,462.006,0.000,-0.194,0.000,0.000,0.000,0.000,0.000,0.000,0.000,0.000,0.000,0.000,0.000,0.000,
08,18,48,11,0.0,624.505,203.530,499.408,461.414,-0.007,-0.439,0.000,0.000,0.000,0.000,0.000,0.000,0.000,0.000,0.000,0.000,0.000,0.000,
08,18,48,12,0.0,623.304,207.215,499.347,456.291,0.000,-0.397,0.000,0.000,0.000,0.000,0.000,0.000,0.000,0.000,0.000,0.000,0.000,0.000,
08,18,48,12,0.0,621.824,220.865,500.714,453.880,0.010,-0.317,0.000,0.000,0.000,0.000,0.000,0.000,0.000,0.000,0.000,0.000,0.000,0.000,
08,18,48,13,0.0,622.512,231.039,501.924,456.225,0.012,-0.283,0.000,0.000,0.000,0.000,0.000,0.000,0.000,0.000,0.000,0.000,0.000,0.000,
08,18,48,13,0.0,626.566,243.833,503.210,461.474,0.000,-0.246,0.000,0.000,0.000,0.000,0.000,0.000,0.000,0.000,0.000,0.000,0.000,0.000,
08,18,48,14,0.0,628.047,245.767,504.428,460.361,0.000,-0.232,0.000,0.000,0.000,0.000,0.000,0.000,0.000,0.000,0.000,0.000,0.000,0.000,
08,18,48,14,0.0,627.949,250.558,505.050,461.658,0.005,-0.213,0.000,0.000,0.000,0.000,0.000,0.000,0.000,0.000,0.000,0.000,0.000,0.000,
08,18,48,15,0.0,628.054,248.691,504.274,458.315,0.000,-0.208,0.000,0.000,0.000,0.000,0.000,0.000,0.000,0.000,0.000,0.000,0.000,0.000,
08,18,48,16,0.0,627.769,245.941,502.994,452.694,-0.008,-0.192,0.000,0.000,0.000,0.000,0.000,0.000,0.000,0.000,0.000,0.000,0.000,0.000,
08,18,48,16,0.0,627.115,246.767,502.133,453.278,-0.005,-0.193,0.000,0.000,0.000,0.000,0.000,0.000,0.000,0.000,0.000,0.000,0.000,0.000,
08,18,48,17,0.0,624.943,252.075,502.774,454.500,0.005,-0.172,0.000,0.000,0.000,0.000,0.000,0.000,0.000,0.000,0.000,0.000,0.000,0.000,
08,18,48,17,0.0,625.334,251.859,503.954,458.432,0.008,-0.193,0.000,0.000,0.000,0.000,0.000,0.000,0.000,0.000,0.000,0.000,0.000,0.000,
08,18,48,18,0.0,627.031,254.267,505.501,460.589,0.009,-0.191,0.000,0.000,0.000,0.000,0.000,0.000,0.000,0.000,0.000,0.000,0.000,0.000,
08,18,48,18,0.0,629.408,254.807,506.554,460.023,0.000,-0.188,0.000,0.000,0.000,0.000,0.000,0.000,0.000,0.000,0.000,0.000,0.000,0.000,
08,18,48,19,0.0,630.129,258.654,507.073,463.227,0.004,-0.184,0.000,0.000,0.000,0.000,0.000,0.000,0.000,0.000,0.000,0.000,0.000,0.000,
08,18,48,20,0.0,630.384,254.072,506.437,459.229,0.000,-0.187,0.000,0.000,0.000,0.000,0.000,0.000,0.000,0.000,0.000,0.000,0.000,0.000,
08,18,48,20,0.0,630.188,248.510,505.318,451.701,-0.006,-0.175,0.000,0.000,0.000,0.000,0.000,0.000,0.000,0.000,0.000,0.000,0.000,0.000,
08,18,48,21,0.0,630.025,248.907,504.341,451.879,-0.010,-0.173,0.000,0.000,0.000,0.000,0.000,0.000,0.000,0.000,0.000,0.000,0.000,0.000,
08,18,48,21,0.0,627.691,256.680,504.770,458.036,0.000,-0.170,0.000,0.000,0.000,0.000,0.000,0.000,0.000,0.000,0.000,0.000,0.000,0.000,
08,18,48,22,0.0,627.442,253.147,506.269,459.222,0.012,-0.191,0.000,0.000,0.000,0.000,0.000,0.000,0.000,0.000,0.000,0.000,0.000,0.000,
08,18,48,22,0.0,628.598,255.331,506.933,460.000,0.007,-0.181,0.000,0.000,0.000,0.000,0.000,0.000,0.000,0.000,0.000,0.000,0.000,0.000,
08,18,48,23,0.0,631.107,255.641,507.723,461.901,0.000,-0.189,0.000,0.000,0.000,0.000,0.000,0.000,0.000,0.000,0.000,0.000,0.000,0.000,
08,18,48,23,0.0,631.564,255.840,507.493,462.108,0.000,-0.193,0.000,0.000,0.000,0.000,0.000,0.000,0.000,0.000,0.000,0.000,0.000,0.000,
08,18,48,24,0.0,631.010,254.023,506.716,460.745,-0.005,-0.192,0.000,0.000,0.000,0.000,0.000,0.000,0.000,0.000,0.000,0.000,0.000,0.000,
08,18,48,25,0.0,630.526,250.784,504.978,454.271,-0.012,-0.179,0.000,0.000,0.000,0.000,0.000,0.000,0.000,0.000,0.000,0.000,0.000,0.000,
08,18,48,25,0.0,629.339,248.450,503.861,450.564,-0.011,-0.171,0.000,0.000,0.000,0.000,0.000,0.000,0.000,0.000,0.000,0.000,0.000,0.000,
08,18,48,26,0.0,626.322,250.441,504.419,452.330,0.008,-0.171,0.000,0.000,0.000,0.000,0.000,0.000,0.000,0.000,0.000,0.000,0.000,0.000,
08,18,48,26,0.0,626.352,252.232,505.843,458.357,0.013,-0.191,0.000,0.000,0.000,0.000,0.000,0.000,0.000,0.000,0.000,0.000,0.000,0.000,
08,18,48,27,0.0,628.632,257.676,506.975,461.820,0.007,-0.179,0.000,0.000,0.000,0.000,0.000,0.000,0.000,0.000,0.000,0.000,0.000,0.000,
08,18,48,27,0.0,630.289,252.079,508.487,458.847,0.008,-0.192,0.000,0.000,0.000,0.000,0.000,0.000,0.000,0.000,0.000,0.000,0.000,0.000,
08,18,48,28,0.0,630.200,257.262,509.186,461.944,0.013,-0.181,0.000,0.000,0.000,0.000,0.000,0.000,0.000,0.000,0.000,0.000,0.000,0.000,
08,18,48,29,0.0,630.940,251.479,507.844,458.566,0.000,-0.195,0.000,0.000,0.000,0.000,0.000,0.000,0.000,0.000,0.000,0.000,0.000,0.000,
08,18,48,29,0.0,632.302,249.794,506.238,452.796,-0.011,-0.174,0.000,0.000,0.000,0.000,0.000,0.000,0.000,0.000,0.000,0.000,0.000,0.000,
08,18,48,30,0.0,631.983,247.479,505.499,452.746,-0.014,-0.185,0.000,0.000,0.000,0.000,0.000,0.000,0.000,0.000,0.000,0.000,0.000,0.000,
08,18,48,30,0.0,628.061,249.042,505.923,452.930,0.005,-0.177,0.000,0.000,0.000,0.000,0.000,0.000,0.000,0.000,0.000,0.000,0.000,0.000,
08,18,48,31,0.0,628.886,249.978,507.090,455.467,0.010,-0.187,0.000,0.000,0.000,0.000,0.000,0.000,0.000,0.000,0.000,0.000,0.000,0.000,
08,18,48,31,0.0,627.703,257.335,508.103,462.171,0.021,-0.186,0.000,0.000,0.000,0.000,0.000,0.000,0.000,0.000,0.000,0.000,0.000,0.000,
08,18,48,32,0.0,631.433,257.066,509.033,459.612,0.008,-0.172,0.000,0.000,0.000,0.000,0.000,0.000,0.000,0.000,0.000,0.000,0.000,0.000,
08,18,48,33,0.0,634.313,257.381,509.683,459.868,-0.006,-0.171,0.000,0.000,0.000,0.000,0.000,0.000,0.000,0.000,0.000,0.000,0.000,0.000,
08,18,48,33,0.0,635.623,253.337,509.912,458.989,-0.013,-0.186,0.000,0.000,0.000,0.000,0.000,0.000,0.000,0.000,0.000,0.000,0.000,0.000,
08,18,48,34,0.0,632.001,256.675,509.107,458.592,0.005,-0.170,0.000,0.000,0.000,0.000,0.000,0.000,0.000,0.000,0.000,0.000,0.000,0.000,
08,18,48,34,0.0,631.021,248.351,509.560,456.919,0.010,-0.200,0.000,0.000,0.000,0.000,0.000,0.000,0.000,0.000,0.000,0.000,0.000,0.000,
08,18,48,35,0.0,634.510,251.875,511.848,456.855,0.000,-0.183,0.000,0.000,0.000,0.000,0.000,0.000,0.000,0.000,0.000,0.000,0.000,0.000,
08,18,48,35,0.0,636.624,253.390,513.556,461.430,0.000,-0.200,0.000,0.000,0.000,0.000,0.000,0.000,0.000,0.000,0.000,0.000,0.000,0.000,
08,18,48,36,0.0,638.167,254.139,514.719,462.765,0.000,-0.201,0.000,0.000,0.000,0.000,0.000,0.000,0.000,0.000,0.000,0.000,0.000,0.000,
08,18,48,37,0.0,639.190,258.219,515.712,465.324,0.000,-0.196,0.000,0.000,0.000,0.000,0.000,0.000,0.000,0.000,0.000,0.000,0.000,0.000,
08,18,48,37,0.0,638.945,260.930,515.968,466.932,0.000,-0.188,0.000,0.000,0.000,0.000,0.000,0.000,0.000,0.000,0.000,0.000,0.000,0.000,
08,18,48,38,0.0,638.604,259.018,515.121,465.513,0.000,-0.192,0.000,0.000,0.000,0.000,0.000,0.000,0.000,0.000,0.000,0.000,0.000,0.000,
08,18,48,38,0.0,638.094,251.373,512.767,457.379,-0.010,-0.190,0.000,0.000,0.000,0.000,0.000,0.000,0.000,0.000,0.000,0.000,0.000,0.000,
08,18,48,39,0.0,637.367,251.285,511.335,456.907,-0.011,-0.186,0.000,0.000,0.000,0.000,0.000,0.000,0.000,0.000,0.000,0.000,0.000,0.000,
08,18,48,39,0.0,634.130,253.388,511.375,456.804,0.004,-0.176,0.000,0.000,0.000,0.000,0.000,0.000,0.000,0.000,0.000,0.000,0.000,0.000,
08,18,48,40,0.0,633.039,252.514,512.297,460.658,0.014,-0.199,0.000,0.000,0.000,0.000,0.000,0.000,0.000,0.000,0.000,0.000,0.000,0.000,
08,18,48,40,0.0,636.569,255.422,513.391,461.522,0.000,-0.190,0.000,0.000,0.000,0.000,0.000,0.000,0.000,0.000,0.000,0.000,0.000,0.000,
08,18,48,41,0.0,637.973,257.031,513.737,462.028,-0.005,-0.187,0.000,0.000,0.000,0.000,0.000,0.000,0.000,0.000,0.000,0.000,0.000,0.000,
08,18,48,42,0.0,637.545,257.444,514.078,461.668,0.000,-0.180,0.000,0.000,0.000,0.000,0.000,0.000,0.000,0.000,0.000,0.000,0.000,0.000,
08,18,48,42,0.0,637.144,255.477,513.565,461.712,0.000,-0.190,0.000,0.000,0.000,0.000,0.000,0.000,0.000,0.000,0.000,0.000,0.000,0.000,
08,18,48,43,0.0,636.842,248.935,512.277,451.428,-0.004,-0.173,0.000,0.000,0.000,0.000,0.000,0.000,0.000,0.000,0.000,0.000,0.000,0.000,
08,18,48,43,0.0,636.444,247.984,511.279,453.014,-0.007,-0.187,0.000,0.000,0.000,0.000,0.000,0.000,0.000,0.000,0.000,0.000,0.000,0.000,
08,18,48,44,0.0,635.060,251.461,512.237,454.477,0.005,-0.175,0.000,0.000,0.000,0.000,0.000,0.000,0.000,0.000,0.000,0.000,0.000,0.000,
08,18,48,44,0.0,634.793,251.272,513.815,457.975,0.011,-0.191,0.000,0.000,0.000,0.000,0.000,0.000,0.000,0.000,0.000,0.000,0.000,0.000,
08,18,48,45,0.0,636.926,255.180,515.263,461.257,0.010,-0.191,0.000,0.000,0.000,0.000,0.000,0.000,0.000,0.000,0.000,0.000,0.000,0.000,
08,18,48,46,0.0,639.168,256.564,516.344,463.873,0.004,-0.194,0.000,0.000,0.000,0.000,0.000,0.000,0.000,0.000,0.000,0.000,0.000,0.000,
08,18,48,46,0.0,639.791,259.208,516.064,463.577,0.000,-0.181,0.000,0.000,0.000,0.000,0.000,0.000,0.000,0.000,0.000,0.000,0.000,0.000,
08,18,48,47,0.0,639.913,255.514,514.870,462.118,-0.009,-0.194,0.000,0.000,0.000,0.000,0.000,0.000,0.000,0.000,0.000,0.000,0.000,0.000,
08,18,48,47,0.0,639.043,252.470,512.509,456.493,-0.015,-0.180,0.000,0.000,0.000,0.000,0.000,0.000,0.000,0.000,0.000,0.000,0.000,0.000,
08,18,48,48,0.0,636.820,252.602,511.021,456.888,-0.009,-0.180,0.000,0.000,0.000,0.000,0.000,0.000,0.000,0.000,0.000,0.000,0.000,0.000,
08,18,48,48,0.0,634.309,255.748,511.263,457.400,0.003,-0.169,0.000,0.000,0.000,0.000,0.000,0.000,0.000,0.000,0.000,0.000,0.000,0.000,
08,18,48,49,0.0,633.450,250.276,512.368,456.940,0.012,-0.191,0.000,0.000,0.000,0.000,0.000,0.000,0.000,0.000,0.000,0.000,0.000,0.000,
08,18,48,50,0.0,635.717,254.856,513.076,460.154,0.006,-0.188,0.000,0.000,0.000,0.000,0.000,0.000,0.000,0.000,0.000,0.000,0.000,0.000,
08,18,48,50,0.0,638.268,256.511,514.485,463.040,0.000,-0.194,0.000,0.000,0.000,0.000,0.000,0.000,0.000,0.000,0.000,0.000,0.000,0.000,
08,18,48,51,0.0,638.468,258.498,514.990,464.496,0.000,-0.190,0.000,0.000,0.000,0.000,0.000,0.000,0.000,0.000,0.000,0.000,0.000,0.000,
08,18,48,51,0.0,637.859,253.273,514.340,460.131,0.000,-0.195,0.000,0.000,0.000,0.000,0.000,0.000,0.000,0.000,0.000,0.000,0.000,0.000,
08,18,48,52,0.0,637.141,251.366,512.084,456.062,-0.005,-0.185,0.000,0.000,0.000,0.000,0.000,0.000,0.000,0.000,0.000,0.000,0.000,0.000,
08,18,48,52,0.0,637.287,250.752,511.154,455.642,-0.011,-0.184,0.000,0.000,0.000,0.000,0.000,0.000,0.000,0.000,0.000,0.000,0.000,0.000,
08,18,48,53,0.0,635.219,252.636,511.846,454.809,0.000,-0.170,0.000,0.000,0.000,0.000,0.000,0.000,0.000,0.000,0.000,0.000,0.000,0.000,
08,18,48,54,0.0,634.635,251.866,512.439,458.576,0.007,-0.193,0.000,0.000,0.000,0.000,0.000,0.000,0.000,0.000,0.000,0.000,0.000,0.000,
08,18,48,54,0.0,635.204,256.116,512.871,461.994,0.004,-0.187,0.000,0.000,0.000,0.000,0.000,0.000,0.000,0.000,0.000,0.000,0.000,0.000,
08,18,48,55,0.0,637.650,259.485,513.858,465.934,-0.003,-0.190,0.000,0.000,0.000,0.000,0.000,0.000,0.000,0.000,0.000,0.000,0.000,0.000,
08,18,48,55,0.0,637.314,259.497,513.985,464.882,0.000,-0.185,0.000,0.000,0.000,0.000,0.000,0.000,0.000,0.000,0.000,0.000,0.000,0.000,
08,18,48,56,0.0,636.988,253.824,513.010,460.514,0.000,-0.193,0.000,0.000,0.000,0.000,0.000,0.000,0.000,0.000,0.000,0.000,0.000,0.000,
08,18,48,56,0.0,636.188,251.019,510.702,455.269,-0.011,-0.182,0.000,0.000,0.000,0.000,0.000,0.000,0.000,0.000,0.000,0.000,0.000,0.000,
08,18,48,57,0.0,635.305,252.981,509.907,457.771,-0.011,-0.182,0.000,0.000,0.000,0.000,0.000,0.000,0.000,0.000,0.000,0.000,0.000,0.000,
08,18,48,58,0.0,631.786,253.265,510.510,456.959,0.011,-0.176,0.000,0.000,0.000,0.000,0.000,0.000,0.000,0.000,0.000,0.000,0.000,0.000,
08,18,48,58,0.0,631.792,255.775,511.982,461.740,0.015,-0.188,0.000,0.000,0.000,0.000,0.000,0.000,0.000,0.000,0.000,0.000,0.000,0.000,
08,18,48,59,0.0,635.134,256.981,512.859,461.740,0.004,-0.182,0.000,0.000,0.000,0.000,0.000,0.000,0.000,0.000,0.000,0.000,0.000,0.000,
08,18,48,59,0.0,637.699,256.542,513.732,461.293,-0.003,-0.185,0.000,0.000,0.000,0.000,0.000,0.000,0.000,0.000,0.000,0.000,0.000,0.000,
08,18,49,00,0.0,637.568,257.221,513.717,461.132,0.000,-0.181,0.000,0.000,0.000,0.000,0.000,0.000,0.000,0.000,0.000,0.000,0.000,0.000,
08,18,49,00,0.0,637.367,255.056,511.866,460.290,-0.011,-0.187,0.000,0.000,0.000,0.000,0.000,0.000,0.000,0.000,0.000,0.000,0.000,0.000,
08,18,49,01,0.0,635.833,252.496,509.019,455.713,-0.014,-0.175,0.000,0.000,0.000,0.000,0.000,0.000,0.000,0.000,0.000,0.000,0.000,0.000,
08,18,49,01,0.0,633.957,251.917,507.064,454.493,-0.014,-0.173,0.000,0.000,0.000,0.000,0.000,0.000,0.000,0.000,0.000,0.000,0.000,0.000,
08,18,49,02,0.0,629.831,252.125,506.179,455.562,0.000,-0.177,0.000,0.000,0.000,0.000,0.000,0.000,0.000,0.000,0.000,0.000,0.000,0.000,
08,18,49,03,0.0,628.877,255.502,506.594,460.896,0.005,-0.185,0.000,0.000,0.000,0.000,0.000,0.000,0.000,0.000,0.000,0.000,0.000,0.000,
08,18,49,03,0.0,629.685,257.189,506.878,464.910,0.000,-0.196,0.000,0.000,0.000,0.000,0.000,0.000,0.000,0.000,0.000,0.000,0.000,0.000,
08,18,49,04,0.0,630.660,256.860,507.231,462.313,0.000,-0.188,0.000,0.000,0.000,0.000,0.000,0.000,0.000,0.000,0.000,0.000,0.000,0.000,
08,18,49,04,0.0,630.132,256.804,506.601,461.939,0.000,-0.183,0.000,0.000,0.000,0.000,0.000,0.000,0.000,0.000,0.000,0.000,0.000,0.000,
08,18,49,05,0.0,630.490,254.167,504.855,460.202,-0.012,-0.191,0.000,0.000,0.000,0.000,0.000,0.000,0.000,0.000,0.000,0.000,0.000,0.000,
08,18,49,05,0.0,629.523,252.293,502.352,455.669,-0.017,-0.176,0.000,0.000,0.000,0.000,0.000,0.000,0.000,0.000,0.000,0.000,0.000,0.000,
08,18,49,06,0.0,626.877,252.141,500.722,456.400,-0.014,-0.182,0.000,0.000,0.000,0.000,0.000,0.000,0.000,0.000,0.000,0.000,0.000,0.000,
08,18,49,07,0.0,622.284,251.186,500.324,452.637,0.008,-0.167,0.000,0.000,0.000,0.000,0.000,0.000,0.000,0.000,0.000,0.000,0.000,0.000,
08,18,49,07,0.0,621.441,254.616,500.951,458.846,0.012,-0.179,0.000,0.000,0.000,0.000,0.000,0.000,0.000,0.000,0.000,0.000,0.000,0.000,
08,18,49,08,0.0,624.662,254.297,501.005,458.887,0.000,-0.181,0.000,0.000,0.000,0.000,0.000,0.000,0.000,0.000,0.000,0.000,0.000,0.000,
08,18,49,08,0.0,626.499,254.837,500.932,457.779,-0.012,-0.174,0.000,0.000,0.000,0.000,0.000,0.000,0.000,0.000,0.000,0.000,0.000,0.000,
08,18,49,09,0.0,624.766,253.932,499.887,456.915,-0.008,-0.173,0.000,0.000,0.000,0.000,0.000,0.000,0.000,0.000,0.000,0.000,0.000,0.000,
08,18,49,09,0.0,623.387,250.882,497.369,454.412,-0.011,-0.178,0.000,0.000,0.000,0.000,0.000,0.000,0.000,0.000,0.000,0.000,0.000,0.000,
08,18,49,10,0.0,621.380,248.725,494.631,449.883,-0.016,-0.165,0.000,0.000,0.000,0.000,0.000,0.000,0.000,0.000,0.000,0.000,0.000,0.000,
08,18,49,11,0.0,617.872,249.128,492.877,449.216,-0.009,-0.163,0.000,0.000,0.000,0.000,0.000,0.000,0.000,0.000,0.000,0.000,0.000,0.000,
08,18,49,11,0.0,614.224,247.808,492.512,448.516,0.009,-0.164,0.000,0.000,0.000,0.000,0.000,0.000,0.000,0.000,0.000,0.000,0.000,0.000,
08,18,49,12,0.0,614.094,247.650,493.477,451.871,0.014,-0.179,0.000,0.000,0.000,0.000,0.000,0.000,0.000,0.000,0.000,0.000,0.000,0.000,
08,18,49,12,0.0,617.742,249.510,494.251,453.913,0.000,-0.180,0.000,0.000,0.000,0.000,0.000,0.000,0.000,0.000,0.000,0.000,0.000,0.000,
08,18,49,13,0.0,620.054,255.356,495.289,457.125,-0.005,-0.171,0.000,0.000,0.000,0.000,0.000,0.000,0.000,0.000,0.000,0.000,0.000,0.000,
08,18,49,13,0.0,619.497,252.002,495.664,453.470,0.000,-0.168,0.000,0.000,0.000,0.000,0.000,0.000,0.000,0.000,0.000,0.000,0.000,0.000,
08,18,49,14,0.0,618.908,248.399,494.841,451.860,-0.004,-0.176,0.000,0.000,0.000,0.000,0.000,0.000,0.000,0.000,0.000,0.000,0.000,0.000,
08,18,49,15,0.0,617.435,248.963,492.997,449.515,-0.007,-0.163,0.000,0.000,0.000,0.000,0.000,0.000,0.000,0.000,0.000,0.000,0.000,0.000,
08,18,49,15,0.0,616.327,250.424,492.335,451.058,0.000,-0.166,0.000,0.000,0.000,0.000,0.000,0.000,0.000,0.000,0.000,0.000,0.000,0.000,
08,18,49,16,0.0,614.425,251.728,493.040,451.389,0.012,-0.160,0.000,0.000,0.000,0.000,0.000,0.000,0.000,0.000,0.000,0.000,0.000,0.000,
08,18,49,16,0.0,615.300,247.935,494.607,450.249,0.013,-0.173,0.000,0.000,0.000,0.000,0.000,0.000,0.000,0.000,0.000,0.000,0.000,0.000,
08,18,49,17,0.0,619.284,251.601,495.442,453.630,0.000,-0.170,0.000,0.000,0.000,0.000,0.000,0.000,0.000,0.000,0.000,0.000,0.000,0.000,
08,18,49,17,0.0,621.531,255.502,496.503,456.360,-0.007,-0.166,0.000,0.000,0.000,0.000,0.000,0.000,0.000,0.000,0.000,0.000,0.000,0.000,
08,18,49,18,0.0,621.246,196.985,497.097,451.553,0.000,-0.422,0.000,0.000,0.000,0.000,0.000,0.000,0.000,0.000,0.000,0.000,0.000,0.000,
08,18,49,19,0.0,619.943,220.472,497.043,453.329,0.005,-0.319,0.000,0.000,0.000,0.000,0.000,0.000,0.000,0.000,0.000,0.000,0.000,0.000,
08,18,49,19,0.0,619.705,228.687,495.948,449.817,-0.003,-0.261,0.000,0.000,0.000,0.000,0.000,0.000,0.000,0.000,0.000,0.000,0.000,0.000,
08,18,49,20,0.0,620.069,233.737,496.000,450.562,-0.005,-0.241,0.000,0.000,0.000,0.000,0.000,0.000,0.000,0.000,0.000,0.000,0.000,0.000,
08,18,49,20,0.0,617.979,243.675,497.658,453.446,0.014,-0.208,0.000,0.000,0.000,0.000,0.000,0.000,0.000,0.000,0.000,0.000,0.000,0.000,
08,18,49,21,0.0,619.192,247.806,499.853,456.348,0.018,-0.203,0.000,0.000,0.000,0.000,0.000,0.000,0.000,0.000,0.000,0.000,0.000,0.000,
08,18,49,21,0.0,622.656,247.600,501.735,454.408,0.011,-0.194,0.000,0.000,0.000,0.000,0.000,0.000,0.000,0.000,0.000,0.000,0.000,0.000,
08,18,49,22,0.0,627.033,252.337,503.509,457.192,0.000,-0.186,0.000,0.000,0.000,0.000,0.000,0.000,0.000,0.000,0.000,0.000,0.000,0.000,
08,18,49,22,0.0,627.537,255.676,504.105,458.726,0.000,-0.174,0.000,0.000,0.000,0.000,0.000,0.000,0.000,0.000,0.000,0.000,0.000,0.000,
08,18,49,23,0.0,627.388,252.730,503.383,455.947,0.000,-0.174,0.000,0.000,0.000,0.000,0.000,0.000,0.000,0.000,0.000,0.000,0.000,0.000,
08,18,49,24,0.0,627.344,247.567,501.687,449.079,-0.011,-0.170,0.000,0.000,0.000,0.000,0.000,0.000,0.000,0.000,0.000,0.000,0.000,0.000,
08,18,49,24,0.0,626.564,247.278,500.823,450.029,-0.012,-0.176,0.000,0.000,0.000,0.000,0.000,0.000,0.000,0.000,0.000,0.000,0.000,0.000,
08,18,49,25,0.0,623.764,250.118,500.928,450.065,0.000,-0.163,0.000,0.000,0.000,0.000,0.000,0.000,0.000,0.000,0.000,0.000,0.000,0.000,
08,18,49,25,0.0,622.737,252.864,502.093,454.132,0.016,-0.169,0.000,0.000,0.000,0.000,0.000,0.000,0.000,0.000,0.000,0.000,0.000,0.000,
08,18,49,26,0.0,624.675,254.039,502.887,456.785,0.006,-0.173,0.000,0.000,0.000,0.000,0.000,0.000,0.000,0.000,0.000,0.000,0.000,0.000,
08,18,49,26,0.0,626.845,255.193,503.543,458.614,0.000,-0.177,0.000,0.000,0.000,0.000,0.000,0.000,0.000,0.000,0.000,0.000,0.000,0.000,
08,18,49,27,0.0,627.112,254.779,503.563,456.466,0.000,-0.169,0.000,0.000,0.000,0.000,0.000,0.000,0.000,0.000,0.000,0.000,0.000,0.000,
08,18,49,28,0.0,626.856,250.995,502.416,454.083,-0.004,-0.178,0.000,0.000,0.000,0.000,0.000,0.000,0.000,0.000,0.000,0.000,0.000,0.000,
08,18,49,28,0.0,626.580,247.033,500.335,449.591,-0.012,-0.173,0.000,0.000,0.000,0.000,0.000,0.000,0.000,0.000,0.000,0.000,0.000,0.000,
08,18,49,29,0.0,625.186,247.368,499.014,449.862,-0.010,-0.171,0.000,0.000,0.000,0.000,0.000,0.000,0.000,0.000,0.000,0.000,0.000,0.000,
08,18,49,29,0.0,622.100,251.458,499.215,451.508,0.004,-0.161,0.000,0.000,0.000,0.000,0.000,0.000,0.000,0.000,0.000,0.000,0.000,0.000,
08,18,49,30,0.0,622.069,251.647,499.529,454.029,0.004,-0.174,0.000,0.000,0.000,0.000,0.000,0.000,0.000,0.000,0.000,0.000,0.000,0.000,
08,18,49,30,0.0,623.682,249.546,500.350,453.151,0.000,-0.180,0.000,0.000,0.000,0.000,0.000,0.000,0.000,0.000,0.000,0.000,0.000,0.000,
08,18,49,31,0.0,624.487,252.687,500.864,453.569,0.000,-0.165,0.000,0.000,0.000,0.000,0.000,0.000,0.000,0.000,0.000,0.000,0.000,0.000,
08,18,49,32,0.0,624.008,255.584,501.019,459.005,0.005,-0.180,0.000,0.000,0.000,0.000,0.000,0.000,0.000,0.000,0.000,0.000,0.000,0.000,
08,18,49,32,0.0,623.888,249.926,500.306,455.676,0.000,-0.188,0.000,0.000,0.000,0.000,0.000,0.000,0.000,0.000,0.000,0.000,0.000,0.000,
08,18,49,33,0.0,623.768,250.196,497.882,453.230,-0.013,-0.177,0.000,0.000,0.000,0.000,0.000,0.000,0.000,0.000,0.000,0.000,0.000,0.000,
08,18,49,33,0.0,622.293,247.838,496.197,451.304,-0.011,-0.178,0.000,0.000,0.000,0.000,0.000,0.000,0.000,0.000,0.000,0.000,0.000,0.000,
08,18,49,34,0.0,618.941,250.713,495.950,452.704,0.000,-0.169,0.000,0.000,0.000,0.000,0.000,0.000,0.000,0.000,0.000,0.000,0.000,0.000,
08,18,49,34,0.0,617.938,249.441,496.398,452.209,0.010,-0.175,0.000,0.000,0.000,0.000,0.000,0.000,0.000,0.000,0.000,0.000,0.000,0.000,
08,18,49,35,0.0,620.396,252.196,496.770,454.479,0.000,-0.172,0.000,0.000,0.000,0.000,0.000,0.000,0.000,0.000,0.000,0.000,0.000,0.000,
08,18,49,36,0.0,622.017,258.220,497.865,459.005,-0.005,-0.167,0.000,0.000,0.000,0.000,0.000,0.000,0.000,0.000,0.000,0.000,0.000,0.000,
08,18,49,36,0.0,621.639,256.071,498.582,457.641,0.000,-0.168,0.000,0.000,0.000,0.000,0.000,0.000,0.000,0.000,0.000,0.000,0.000,0.000,
08,18,49,37,0.0,620.886,248.493,498.199,451.790,0.005,-0.175,0.000,0.000,0.000,0.000,0.000,0.000,0.000,0.000,0.000,0.000,0.000,0.000,
08,18,49,37,0.0,620.648,246.156,496.511,448.581,-0.003,-0.172,0.000,0.000,0.000,0.000,0.000,0.000,0.000,0.000,0.000,0.000,0.000,0.000,
08,18,49,38,0.0,620.756,243.955,495.596,447.228,-0.008,-0.178,0.000,0.000,0.000,0.000,0.000,0.000,0.000,0.000,0.000,0.000,0.000,0.000,
08,18,49,38,0.0,619.269,250.006,495.695,451.239,0.000,-0.168,0.000,0.000,0.000,0.000,0.000,0.000,0.000,0.000,0.000,0.000,0.000,0.000,
08,18,49,39,0.0,618.882,247.931,497.281,452.491,0.010,-0.183,0.000,0.000,0.000,0.000,0.000,0.000,0.000,0.000,0.000,0.000,0.000,0.000,
08,18,49,39,0.0,620.296,249.683,497.773,455.714,0.003,-0.189,0.000,0.000,0.000,0.000,0.000,0.000,0.000,0.000,0.000,0.000,0.000,0.000,
08,18,49,40,0.0,622.494,256.748,497.958,458.053,-0.007,-0.169,0.000,0.000,0.000,0.000,0.000,0.000,0.000,0.000,0.000,0.000,0.000,0.000,
08,18,49,41,0.0,622.037,256.665,497.987,459.624,-0.005,-0.174,0.000,0.000,0.000,0.000,0.000,0.000,0.000,0.000,0.000,0.000,0.000,0.000,
08,18,49,41,0.0,620.991,250.900,497.078,456.046,0.000,-0.188,0.000,0.000,0.000,0.000,0.000,0.000,0.000,0.000,0.000,0.000,0.000,0.000,
08,18,49,42,0.0,620.357,246.667,495.221,450.354,-0.007,-0.179,0.000,0.000,0.000,0.000,0.000,0.000,0.000,0.000,0.000,0.000,0.000,0.000,
08,18,49,42,0.0,619.821,247.311,494.751,451.655,-0.009,-0.181,0.000,0.000,0.000,0.000,0.000,0.000,0.000,0.000,0.000,0.000,0.000,0.000,
08,18,49,43,0.0,617.662,247.327,496.245,449.726,0.011,-0.171,0.000,0.000,0.000,0.000,0.000,0.000,0.000,0.000,0.000,0.000,0.000,0.000,
08,18,49,43,0.0,617.692,191.534,498.491,458.766,0.021,-0.482,0.000,0.000,0.000,0.000,0.000,0.000,0.000,0.000,0.000,0.000,0.000,0.000,
08,18,49,44,0.0,622.182,199.093,500.338,459.414,0.009,-0.451,0.000,0.000,0.000,0.000,0.000,0.000,0.000,0.000,0.000,0.000,0.000,0.000,
08,18,49,45,0.0,624.930,215.097,502.026,458.714,0.005,-0.369,0.000,0.000,0.000,0.000,0.000,0.000,0.000,0.000,0.000,0.000,0.000,0.000,
08,18,49,45,0.0,625.465,229.085,502.374,458.757,0.000,-0.302,0.000,0.000,0.000,0.000,0.000,0.000,0.000,0.000,0.000,0.000,0.000,0.000,
08,18,49,46,0.0,625.746,235.183,501.233,457.371,-0.004,-0.268,0.000,0.000,0.000,0.000,0.000,0.000,0.000,0.000,0.000,0.000,0.000,0.000,
08,18,49,46,0.0,625.704,234.200,499.290,447.403,-0.013,-0.225,0.000,0.000,0.000,0.000,0.000,0.000,0.000,0.000,0.000,0.000,0.000,0.000,
08,18,49,47,0.0,624.922,237.098,498.847,448.681,-0.014,-0.216,0.000,0.000,0.000,0.000,0.000,0.000,0.000,0.000,0.000,0.000,0.000,0.000,
08,18,49,47,0.0,620.870,247.874,499.340,454.143,0.010,-0.193,0.000,0.000,0.000,0.000,0.000,0.000,0.000,0.000,0.000,0.000,0.000,0.000,
08,18,49,48,0.0,620.791,250.112,501.078,456.389,0.020,-0.191,0.000,0.000,0.000,0.000,0.000,0.000,0.000,0.000,0.000,0.000,0.000,0.000,
08,18,49,49,0.0,624.416,253.494,501.826,460.563,0.000,-0.194,0.000,0.000,0.000,0.000,0.000,0.000,0.000,0.000,0.000,0.000,0.000,0.000,
08,18,49,49,0.0,626.613,255.137,502.811,460.155,0.000,-0.187,0.000,0.000,0.000,0.000,0.000,0.000,0.000,0.000,0.000,0.000,0.000,0.000,
08,18,49,50,0.0,626.483,255.756,503.767,458.057,0.000,-0.174,0.000,0.000,0.000,0.000,0.000,0.000,0.000,0.000,0.000,0.000,0.000,0.000,
08,18,49,50,0.0,625.636,252.217,501.861,454.293,-0.003,-0.172,0.000,0.000,0.000,0.000,0.000,0.000,0.000,0.000,0.000,0.000,0.000,0.000,
08,18,49,51,0.0,625.454,252.241,500.114,453.297,-0.007,-0.167,0.000,0.000,0.000,0.000,0.000,0.000,0.000,0.000,0.000,0.000,0.000,0.000,
08,18,49,51,0.0,624.851,248.628,500.209,450.267,-0.004,-0.170,0.000,0.000,0.000,0.000,0.000,0.000,0.000,0.000,0.000,0.000,0.000,0.000,
08,18,49,52,0.0,622.527,252.756,501.385,451.134,0.012,-0.155,0.000,0.000,0.000,0.000,0.000,0.000,0.000,0.000,0.000,0.000,0.000,0.000,
08,18,49,53,0.0,623.872,253.358,503.270,455.603,0.015,-0.171,0.000,0.000,0.000,0.000,0.000,0.000,0.000,0.000,0.000,0.000,0.000,0.000,
08,18,49,53,0.0,626.972,253.690,505.294,458.681,0.010,-0.184,0.000,0.000,0.000,0.000,0.000,0.000,0.000,0.000,0.000,0.000,0.000,0.000,
08,18,49,54,0.0,630.321,255.632,507.136,459.085,0.003,-0.179,0.000,0.000,0.000,0.000,0.000,0.000,0.000,0.000,0.000,0.000,0.000,0.000,
08,18,49,54,0.0,631.169,256.914,507.263,458.165,0.000,-0.168,0.000,0.000,0.000,0.000,0.000,0.000,0.000,0.000,0.000,0.000,0.000,0.000,
08,18,49,55,0.0,630.880,255.169,506.281,457.730,-0.004,-0.172,0.000,0.000,0.000,0.000,0.000,0.000,0.000,0.000,0.000,0.000,0.000,0.000,
08,18,49,55,0.0,630.959,250.673,504.236,449.254,-0.014,-0.155,0.000,0.000,0.000,0.000,0.000,0.000,0.000,0.000,0.000,0.000,0.000,0.000,
08,18,49,56,0.0,629.049,250.726,503.365,452.546,-0.010,-0.169,0.000,0.000,0.000,0.000,0.000,0.000,0.000,0.000,0.000,0.000,0.000,0.000,
08,18,49,57,0.0,625.356,255.799,503.584,455.985,0.008,-0.159,0.000,0.000,0.000,0.000,0.000,0.000,0.000,0.000,0.000,0.000,0.000,0.000,
08,18,49,57,0.0,625.564,254.634,505.623,456.835,0.016,-0.170,0.000,0.000,0.000,0.000,0.000,0.000,0.000,0.000,0.000,0.000,0.000,0.000,
08,18,49,58,0.0,628.624,254.017,506.455,455.823,0.007,-0.168,0.000,0.000,0.000,0.000,0.000,0.000,0.000,0.000,0.000,0.000,0.000,0.000,
08,18,49,58,0.0,631.413,257.074,507.762,458.565,0.000,-0.168,0.000,0.000,0.000,0.000,0.000,0.000,0.000,0.000,0.000,0.000,0.000,0.000,
08,18,49,59,0.0,632.242,257.817,508.261,458.880,0.000,-0.164,0.000,0.000,0.000,0.000,0.000,0.000,0.000,0.000,0.000,0.000,0.000,0.000,
08,18,49,59,0.0,631.868,253.093,508.191,455.846,0.000,-0.172,0.000,0.000,0.000,0.000,0.000,0.000,0.000,0.000,0.000,0.000,0.000,0.000,
08,18,50,00,0.0,631.626,249.708,506.703,449.917,-0.008,-0.160,0.000,0.000,0.000,0.000,0.000,0.000,0.000,0.000,0.000,0.000,0.000,0.000,
08,18,50,00,0.0,631.073,249.516,505.959,449.682,-0.010,-0.161,0.000,0.000,0.000,0.000,0.000,0.000,0.000,0.000,0.000,0.000,0.000,0.000,
08,18,50,01,0.0,628.433,249.080,507.050,449.928,0.012,-0.163,0.000,0.000,0.000,0.000,0.000,0.000,0.000,0.000,0.000,0.000,0.000,0.000,
08,18,50,02,0.0,628.823,248.753,508.624,452.079,0.015,-0.179,0.000,0.000,0.000,0.000,0.000,0.000,0.000,0.000,0.000,0.000,0.000,0.000,
08,18,50,02,0.0,631.950,251.249,509.110,454.196,0.005,-0.176,0.000,0.000,0.000,0.000,0.000,0.000,0.000,0.000,0.000,0.000,0.000,0.000,
08,18,50,03,0.0,634.143,255.362,509.250,455.924,-0.005,-0.161,0.000,0.000,0.000,0.000,0.000,0.000,0.000,0.000,0.000,0.000,0.000,0.000,
08,18,50,03,0.0,635.186,258.484,508.858,458.072,-0.015,-0.161,0.000,0.000,0.000,0.000,0.000,0.000,0.000,0.000,0.000,0.000,0.000,0.000,
08,18,50,04,0.0,633.016,251.829,507.434,453.434,-0.010,-0.169,0.000,0.000,0.000,0.000,0.000,0.000,0.000,0.000,0.000,0.000,0.000,0.000,
08,18,50,04,0.0,630.561,248.056,505.504,447.998,-0.007,-0.158,0.000,0.000,0.000,0.000,0.000,0.000,0.000,0.000,0.000,0.000,0.000,0.000,
08,18,50,05,0.0,629.138,247.756,504.036,449.332,-0.005,-0.169,0.000,0.000,0.000,0.000,0.000,0.000,0.000,0.000,0.000,0.000,0.000,0.000,
08,18,50,06,0.0,626.825,250.421,505.368,450.707,0.010,-0.161,0.000,0.000,0.000,0.000,0.000,0.000,0.000,0.000,0.000,0.000,0.000,0.000,
08,18,50,06,0.0,626.684,252.239,507.363,454.771,0.021,-0.172,0.000,0.000,0.000,0.000,0.000,0.000,0.000,0.000,0.000,0.000,0.000,0.000,
08,18,50,07,0.0,630.728,252.552,509.210,454.826,0.011,-0.170,0.000,0.000,0.000,0.000,0.000,0.000,0.000,0.000,0.000,0.000,0.000,0.000,
08,18,50,07,0.0,633.612,254.140,510.521,456.267,0.000,-0.172,0.000,0.000,0.000,0.000,0.000,0.000,0.000,0.000,0.000,0.000,0.000,0.000,
08,18,50,08,0.0,634.451,255.718,511.122,457.027,0.000,-0.169,0.000,0.000,0.000,0.000,0.000,0.000,0.000,0.000,0.000,0.000,0.000,0.000,
08,18,50,08,0.0,633.847,251.873,510.854,454.528,0.000,-0.173,0.000,0.000,0.000,0.000,0.000,0.000,0.000,0.000,0.000,0.000,0.000,0.000,
08,18,50,09,0.0,633.092,252.685,509.239,454.857,0.000,-0.170,0.000,0.000,0.000,0.000,0.000,0.000,0.000,0.000,0.000,0.000,0.000,0.000,
08,18,50,10,0.0,633.204,248.865,509.158,451.065,0.000,-0.173,0.000,0.000,0.000,0.000,0.000,0.000,0.000,0.000,0.000,0.000,0.000,0.000,
08,18,50,10,0.0,632.446,251.991,510.225,450.006,0.007,-0.154,0.000,0.000,0.000,0.000,0.000,0.000,0.000,0.000,0.000,0.000,0.000,0.000,
08,18,50,11,0.0,632.754,255.036,511.626,456.490,0.011,-0.168,0.000,0.000,0.000,0.000,0.000,0.000,0.000,0.000,0.000,0.000,0.000,0.000,
08,18,50,11,0.0,635.336,255.339,512.686,457.547,0.003,-0.171,0.000,0.000,0.000,0.000,0.000,0.000,0.000,0.000,0.000,0.000,0.000,0.000,
08,18,50,12,0.0,637.155,258.964,514.391,459.740,0.004,-0.163,0.000,0.000,0.000,0.000,0.000,0.000,0.000,0.000,0.000,0.000,0.000,0.000,
08,18,50,12,0.0,637.883,256.972,515.170,456.695,0.005,-0.159,0.000,0.000,0.000,0.000,0.000,0.000,0.000,0.000,0.000,0.000,0.000,0.000,
08,18,50,13,0.0,637.635,254.697,514.640,457.084,0.000,-0.174,0.000,0.000,0.000,0.000,0.000,0.000,0.000,0.000,0.000,0.000,0.000,0.000,
08,18,50,14,0.0,638.040,251.626,513.770,453.046,-0.005,-0.170,0.000,0.000,0.000,0.000,0.000,0.000,0.000,0.000,0.000,0.000,0.000,0.000,
08,18,50,14,0.0,638.268,248.434,513.827,450.523,-0.006,-0.171,0.000,0.000,0.000,0.000,0.000,0.000,0.000,0.000,0.000,0.000,0.000,0.000,
08,18,50,15,0.0,636.078,253.655,514.338,452.022,0.009,-0.155,0.000,0.000,0.000,0.000,0.000,0.000,0.000,0.000,0.000,0.000,0.000,0.000,
08,18,50,15,0.0,636.545,255.598,515.509,456.467,0.012,-0.165,0.000,0.000,0.000,0.000,0.000,0.000,0.000,0.000,0.000,0.000,0.000,0.000,
08,18,50,16,0.0,639.445,254.597,516.349,456.516,0.000,-0.170,0.000,0.000,0.000,0.000,0.000,0.000,0.000,0.000,0.000,0.000,0.000,0.000,
08,18,50,16,0.0,642.116,259.674,516.149,459.400,-0.010,-0.160,0.000,0.000,0.000,0.000,0.000,0.000,0.000,0.000,0.000,0.000,0.000,0.000,
08,18,50,17,0.0,642.470,260.356,515.477,458.936,-0.017,-0.152,0.000,0.000,0.000,0.000,0.000,0.000,0.000,0.000,0.000,0.000,0.000,0.000,
08,18,50,18,0.0,638.396,254.809,513.646,454.494,-0.007,-0.159,0.000,0.000,0.000,0.000,0.000,0.000,0.000,0.000,0.000,0.000,0.000,0.000,
08,18,50,18,0.0,636.691,250.660,511.104,449.486,-0.008,-0.155,0.000,0.000,0.000,0.000,0.000,0.000,0.000,0.000,0.000,0.000,0.000,0.000,
08,18,50,19,0.0,635.544,250.713,509.536,450.052,-0.012,-0.160,0.000,0.000,0.000,0.000,0.000,0.000,0.000,0.000,0.000,0.000,0.000,0.000,
08,18,50,19,0.0,631.646,251.984,508.974,449.335,0.000,-0.149,0.000,0.000,0.000,0.000,0.000,0.000,0.000,0.000,0.000,0.000,0.000,0.000,
08,18,50,20,0.0,631.537,254.547,508.562,454.786,0.000,-0.161,0.000,0.000,0.000,0.000,0.000,0.000,0.000,0.000,0.000,0.000,0.000,0.000,
08,18,50,20,0.0,631.990,253.408,508.594,454.713,0.000,-0.166,0.000,0.000,0.000,0.000,0.000,0.000,0.000,0.000,0.000,0.000,0.000,0.000,
08,18,50,21,0.0,632.978,254.313,508.474,454.857,-0.005,-0.162,0.000,0.000,0.000,0.000,0.000,0.000,0.000,0.000,0.000,0.000,0.000,0.000,
08,18,50,21,0.0,632.744,254.755,508.069,453.301,-0.004,-0.155,0.000,0.000,0.000,0.000,0.000,0.000,0.000,0.000,0.000,0.000,0.000,0.000,
08,18,50,22,0.0,631.757,249.534,506.536,448.455,-0.008,-0.156,0.000,0.000,0.000,0.000,0.000,0.000,0.000,0.000,0.000,0.000,0.000,0.000,
08,18,50,23,0.0,630.243,248.296,504.022,445.301,-0.011,-0.147,0.000,0.000,0.000,0.000,0.000,0.000,0.000,0.000,0.000,0.000,0.000,0.000,
08,18,50,23,0.0,628.438,246.999,502.751,445.789,-0.012,-0.154,0.000,0.000,0.000,0.000,0.000,0.000,0.000,0.000,0.000,0.000,0.000,0.000,
08,18,50,24,0.0,625.240,248.321,502.819,447.076,0.004,-0.157,0.000,0.000,0.000,0.000,0.000,0.000,0.000,0.000,0.000,0.000,0.000,0.000,
08,18,50,24,0.0,624.507,248.920,503.177,450.280,0.012,-0.168,0.000,0.000,0.000,0.000,0.000,0.000,0.000,0.000,0.000,0.000,0.000,0.000,
08,18,50,25,0.0,626.799,251.797,503.644,453.291,0.000,-0.169,0.000,0.000,0.000,0.000,0.000,0.000,0.000,0.000,0.000,0.000,0.000,0.000,
08,18,50,25,0.0,628.519,255.621,503.635,455.677,-0.007,-0.160,0.000,0.000,0.000,0.000,0.000,0.000,0.000,0.000,0.000,0.000,0.000,0.000,
08,18,50,26,0.0,627.636,257.066,503.234,455.357,-0.003,-0.153,0.000,0.000,0.000,0.000,0.000,0.000,0.000,0.000,0.000,0.000,0.000,0.000,
08,18,50,27,0.0,626.747,251.068,502.138,451.987,-0.004,-0.163,0.000,0.000,0.000,0.000,0.000,0.000,0.000,0.000,0.000,0.000,0.000,0.000,
08,18,50,27,0.0,625.299,251.736,500.065,450.859,-0.006,-0.155,0.000,0.000,0.000,0.000,0.000,0.000,0.000,0.000,0.000,0.000,0.000,0.000,
08,18,50,28,0.0,624.883,247.709,499.227,448.592,-0.009,-0.165,0.000,0.000,0.000,0.000,0.000,0.000,0.000,0.000,0.000,0.000,0.000,0.000,
08,18,50,28,0.0,621.464,251.426,500.244,450.158,0.012,-0.156,0.000,0.000,0.000,0.000,0.000,0.000,0.000,0.000,0.000,0.000,0.000,0.000,
08,18,50,29,0.0,622.415,251.601,502.571,452.898,0.017,-0.165,0.000,0.000,0.000,0.000,0.000,0.000,0.000,0.000,0.000,0.000,0.000,0.000,
08,18,50,29,0.0,626.159,252.301,504.627,455.248,0.009,-0.176,0.000,0.000,0.000,0.000,0.000,0.000,0.000,0.000,0.000,0.000,0.000,0.000,
08,18,50,30,0.0,628.728,255.309,506.105,455.832,0.006,-0.162,0.000,0.000,0.000,0.000,0.000,0.000,0.000,0.000,0.000,0.000,0.000,0.000,
08,18,50,31,0.0,629.969,258.413,507.034,456.446,0.005,-0.152,0.000,0.000,0.000,0.000,0.000,0.000,0.000,0.000,0.000,0.000,0.000,0.000,
08,18,50,31,0.0,630.752,252.153,506.492,453.022,-0.004,-0.167,0.000,0.000,0.000,0.000,0.000,0.000,0.000,0.000,0.000,0.000,0.000,0.000,
08,18,50,32,0.0,630.510,250.188,504.511,448.933,-0.012,-0.153,0.000,0.000,0.000,0.000,0.000,0.000,0.000,0.000,0.000,0.000,0.000,0.000,
08,18,50,32,0.0,629.394,248.500,503.357,448.725,-0.011,-0.161,0.000,0.000,0.000,0.000,0.000,0.000,0.000,0.000,0.000,0.000,0.000,0.000,
08,18,50,33,0.0,625.984,251.163,503.462,449.609,0.005,-0.153,0.000,0.000,0.000,0.000,0.000,0.000,0.000,0.000,0.000,0.000,0.000,0.000,
08,18,50,33,0.0,625.484,252.651,504.448,453.246,0.012,-0.165,0.000,0.000,0.000,0.000,0.000,0.000,0.000,0.000,0.000,0.000,0.000,0.000,
08,18,50,34,0.0,628.723,254.816,504.998,456.829,-0.003,-0.169,0.000,0.000,0.000,0.000,0.000,0.000,0.000,0.000,0.000,0.000,0.000,0.000,
08,18,50,35,0.0,630.236,255.958,505.740,456.897,-0.006,-0.163,0.000,0.000,0.000,0.000,0.000,0.000,0.000,0.000,0.000,0.000,0.000,0.000,
08,18,50,35,0.0,629.654,259.289,506.123,457.475,0.000,-0.152,0.000,0.000,0.000,0.000,0.000,0.000,0.000,0.000,0.000,0.000,0.000,0.000,
08,18,50,36,0.0,628.647,254.439,503.904,454.022,-0.008,-0.161,0.000,0.000,0.000,0.000,0.000,0.000,0.000,0.000,0.000,0.000,0.000,0.000,
08,18,50,36,0.0,626.956,250.369,501.595,449.016,-0.009,-0.157,0.000,0.000,0.000,0.000,0.000,0.000,0.000,0.000,0.000,0.000,0.000,0.000,
08,18,50,37,0.0,622.250,246.844,500.454,446.681,0.008,-0.159,0.000,0.000,0.000,0.000,0.000,0.000,0.000,0.000,0.000,0.000,0.000,0.000,
08,18,50,37,0.0,622.991,250.645,501.427,449.363,0.010,-0.155,0.000,0.000,0.000,0.000,0.000,0.000,0.000,0.000,0.000,0.000,0.000,0.000,
08,18,50,38,0.0,625.659,252.640,502.692,453.585,0.000,-0.165,0.000,0.000,0.000,0.000,0.000,0.000,0.000,0.000,0.000,0.000,0.000,0.000,
08,18,50,38,0.0,627.738,252.513,503.855,453.679,-0.004,-0.166,0.000,0.000,0.000,0.000,0.000,0.000,0.000,0.000,0.000,0.000,0.000,0.000,
08,18,50,39,0.0,628.636,255.497,505.012,455.543,0.000,-0.161,0.000,0.000,0.000,0.000,0.000,0.000,0.000,0.000,0.000,0.000,0.000,0.000,
08,18,50,40,0.0,628.283,258.084,504.619,454.616,0.000,-0.144,0.000,0.000,0.000,0.000,0.000,0.000,0.000,0.000,0.000,0.000,0.000,0.000,
08,18,50,40,0.0,627.180,254.263,503.118,452.192,0.000,-0.152,0.000,0.000,0.000,0.000,0.000,0.000,0.000,0.000,0.000,0.000,0.000,0.000,
08,18,50,41,0.0,626.449,251.205,500.677,447.465,-0.012,-0.143,0.000,0.000,0.000,0.000,0.000,0.000,0.000,0.000,0.000,0.000,0.000,0.000,
08,18,50,41,0.0,626.221,248.625,500.079,444.491,-0.011,-0.141,0.000,0.000,0.000,0.000,0.000,0.000,0.000,0.000,0.000,0.000,0.000,0.000,
08,18,50,42,0.0,623.469,250.609,500.784,444.350,0.000,-0.131,0.000,0.000,0.000,0.000,0.000,0.000,0.000,0.000,0.000,0.000,0.000,0.000,
08,18,50,42,0.0,622.972,248.688,502.713,447.014,0.015,-0.155,0.000,0.000,0.000,0.000,0.000,0.000,0.000,0.000,0.000,0.000,0.000,0.000,
08,18,50,43,0.0,624.936,250.528,504.481,449.520,0.015,-0.156,0.000,0.000,0.000,0.000,0.000,0.000,0.000,0.000,0.000,0.000,0.000,0.000,
08,18,50,44,0.0,628.358,251.351,506.272,448.987,0.008,-0.147,0.000,0.000,0.000,0.000,0.000,0.000,0.000,0.000,0.000,0.000,0.000,0.000,
08,18,50,44,0.0,629.714,254.658,506.497,451.669,0.000,-0.146,0.000,0.000,0.000,0.000,0.000,0.000,0.000,0.000,0.000,0.000,0.000,0.000,
08,18,50,45,0.0,630.166,250.697,506.492,448.734,0.000,-0.150,0.000,0.000,0.000,0.000,0.000,0.000,0.000,0.000,0.000,0.000,0.000,0.000,
08,18,50,45,0.0,630.041,247.883,505.659,442.462,-0.005,-0.135,0.000,0.000,0.000,0.000,0.000,0.000,0.000,0.000,0.000,0.000,0.000,0.000,
08,18,50,46,0.0,630.207,247.277,505.376,444.096,-0.006,-0.147,0.000,0.000,0.000,0.000,0.000,0.000,0.000,0.000,0.000,0.000,0.000,0.000,
08,18,50,46,0.0,627.825,250.691,506.380,447.141,0.010,-0.145,0.000,0.000,0.000,0.000,0.000,0.000,0.000,0.000,0.000,0.000,0.000,0.000,
08,18,50,47,0.0,628.378,250.793,508.582,448.726,0.017,-0.150,0.000,0.000,0.000,0.000,0.000,0.000,0.000,0.000,0.000,0.000,0.000,0.000,
08,18,50,48,0.0,630.781,250.609,510.443,449.799,0.015,-0.155,0.000,0.000,0.000,0.000,0.000,0.000,0.000,0.000,0.000,0.000,0.000,0.000,
08,18,50,48,0.0,635.081,257.785,511.464,453.122,0.000,-0.140,0.000,0.000,0.000,0.000,0.000,0.000,0.000,0.000,0.000,0.000,0.000,0.000,
08,18,50,49,0.0,634.596,255.131,511.860,450.711,0.000,-0.139,0.000,0.000,0.000,0.000,0.000,0.000,0.000,0.000,0.000,0.000,0.000,0.000,
08,18,50,49,0.0,636.640,253.610,511.367,449.795,-0.008,-0.141,0.000,0.000,0.000,0.000,0.000,0.000,0.000,0.000,0.000,0.000,0.000,0.000,
08,18,50,50,0.0,636.283,249.426,509.096,443.365,-0.016,-0.132,0.000,0.000,0.000,0.000,0.000,0.000,0.000,0.000,0.000,0.000,0.000,0.000,
08,18,50,50,0.0,634.237,249.004,507.293,443.737,-0.016,-0.134,0.000,0.000,0.000,0.000,0.000,0.000,0.000,0.000,0.000,0.000,0.000,0.000,
08,18,50,51,0.0,630.457,250.642,507.742,444.264,0.000,-0.131,0.000,0.000,0.000,0.000,0.000,0.000,0.000,0.000,0.000,0.000,0.000,0.000,
08,18,50,52,0.0,629.933,251.367,510.388,450.461,0.020,-0.157,0.000,0.000,0.000,0.000,0.000,0.000,0.000,0.000,0.000,0.000,0.000,0.000,
08,18,50,52,0.0,632.369,250.013,513.101,449.434,0.022,-0.158,0.000,0.000,0.000,0.000,0.000,0.000,0.000,0.000,0.000,0.000,0.000,0.000,
08,18,50,53,0.0,636.868,256.736,515.156,454.563,0.010,-0.150,0.000,0.000,0.000,0.000,0.000,0.000,0.000,0.000,0.000,0.000,0.000,0.000,
08,18,50,53,0.0,638.955,256.071,516.228,453.591,0.005,-0.148,0.000,0.000,0.000,0.000,0.000,0.000,0.000,0.000,0.000,0.000,0.000,0.000,
08,18,50,54,0.0,639.947,253.615,515.665,451.182,-0.005,-0.151,0.000,0.000,0.000,0.000,0.000,0.000,0.000,0.000,0.000,0.000,0.000,0.000,
08,18,50,54,0.0,640.373,251.293,513.557,446.972,-0.016,-0.138,0.000,0.000,0.000,0.000,0.000,0.000,0.000,0.000,0.000,0.000,0.000,0.000,
08,18,50,55,0.0,638.224,250.192,512.597,445.926,-0.011,-0.138,0.000,0.000,0.000,0.000,0.000,0.000,0.000,0.000,0.000,0.000,0.000,0.000,
08,18,50,56,0.0,634.888,248.485,513.279,445.394,0.010,-0.146,0.000,0.000,0.000,0.000,0.000,0.000,0.000,0.000,0.000,0.000,0.000,0.000,
08,18,50,56,0.0,635.233,250.473,514.271,449.458,0.013,-0.156,0.000,0.000,0.000,0.000,0.000,0.000,0.000,0.000,0.000,0.000,0.000,0.000,
08,18,50,57,0.0,638.520,251.434,514.876,452.557,0.000,-0.166,0.000,0.000,0.000,0.000,0.000,0.000,0.000,0.000,0.000,0.000,0.000,0.000,
08,18,50,57,0.0,640.466,255.770,515.392,454.276,-0.007,-0.155,0.000,0.000,0.000,0.000,0.000,0.000,0.000,0.000,0.000,0.000,0.000,0.000,
08,18,50,58,0.0,639.932,253.920,515.088,450.258,-0.004,-0.144,0.000,0.000,0.000,0.000,0.000,0.000,0.000,0.000,0.000,0.000,0.000,0.000,
08,18,50,58,0.0,638.594,251.548,513.669,448.742,-0.008,-0.146,0.000,0.000,0.000,0.000,0.000,0.000,0.000,0.000,0.000,0.000,0.000,0.000,
08,18,50,59,0.0,637.037,249.158,511.648,444.563,-0.010,-0.138,0.000,0.000,0.000,0.000,0.000,0.000,0.000,0.000,0.000,0.000,0.000,0.000,
08,18,50,59,0.0,635.101,245.312,511.467,440.496,0.000,-0.138,0.000,0.000,0.000,0.000,0.000,0.000,0.000,0.000,0.000,0.000,0.000,0.000,
08,18,51,00,0.0,633.374,246.311,512.973,440.163,0.013,-0.133,0.000,0.000,0.000,0.000,0.000,0.000,0.000,0.000,0.000,0.000,0.000,0.000,
08,18,51,01,0.0,634.379,247.912,514.797,444.038,0.017,-0.144,0.000,0.000,0.000,0.000,0.000,0.000,0.000,0.000,0.000,0.000,0.000,0.000,
08,18,51,01,0.0,638.237,248.290,516.361,444.979,0.008,-0.143,0.000,0.000,0.000,0.000,0.000,0.000,0.000,0.000,0.000,0.000,0.000,0.000,
08,18,51,02,0.0,640.825,249.103,517.037,446.097,0.000,-0.148,0.000,0.000,0.000,0.000,0.000,0.000,0.000,0.000,0.000,0.000,0.000,0.000,
08,18,51,02,0.0,642.002,252.546,516.892,448.749,-0.010,-0.141,0.000,0.000,0.000,0.000,0.000,0.000,0.000,0.000,0.000,0.000,0.000,0.000,
08,18,51,03,0.0,641.460,250.828,514.826,447.181,-0.017,-0.145,0.000,0.000,0.000,0.000,0.000,0.000,0.000,0.000,0.000,0.000,0.000,0.000,
08,18,51,03,0.0,638.828,247.040,512.464,440.908,-0.014,-0.129,0.000,0.000,0.000,0.000,0.000,0.000,0.000,0.000,0.000,0.000,0.000,0.000,
08,18,51,04,0.0,636.716,247.684,511.687,442.081,-0.008,-0.136,0.000,0.000,0.000,0.000,0.000,0.000,0.000,0.000,0.000,0.000,0.000,0.000,
08,18,51,05,0.0,633.022,249.272,512.193,442.579,0.014,-0.128,0.000,0.000,0.000,0.000,0.000,0.000,0.000,0.000,0.000,0.000,0.000,0.000,
08,18,51,05,0.0,633.469,249.167,513.684,445.366,0.017,-0.143,0.000,0.000,0.000,0.000,0.000,0.000,0.000,0.000,0.000,0.000,0.000,0.000,
08,18,51,06,0.0,636.709,248.298,515.015,445.862,0.011,-0.147,0.000,0.000,0.000,0.000,0.000,0.000,0.000,0.000,0.000,0.000,0.000,0.000,
08,18,51,06,0.0,639.673,251.811,516.652,448.911,0.000,-0.145,0.000,0.000,0.000,0.000,0.000,0.000,0.000,0.000,0.000,0.000,0.000,0.000,
08,18,51,07,0.0,640.515,252.122,517.627,450.133,0.000,-0.153,0.000,0.000,0.000,0.000,0.000,0.000,0.000,0.000,0.000,0.000,0.000,0.000,
08,18,51,07,0.0,640.246,247.013,517.457,446.491,0.004,-0.158,0.000,0.000,0.000,0.000,0.000,0.000,0.000,0.000,0.000,0.000,0.000,0.000,
08,18,51,08,0.0,640.106,246.763,516.041,443.048,0.000,-0.145,0.000,0.000,0.000,0.000,0.000,0.000,0.000,0.000,0.000,0.000,0.000,0.000,
08,18,51,09,0.0,640.868,247.835,514.839,443.261,-0.014,-0.140,0.000,0.000,0.000,0.000,0.000,0.000,0.000,0.000,0.000,0.000,0.000,0.000,
08,18,51,09,0.0,638.476,250.465,514.912,444.117,0.000,-0.132,0.000,0.000,0.000,0.000,0.000,0.000,0.000,0.000,0.000,0.000,0.000,0.000,
08,18,51,10,0.0,638.154,249.698,515.648,446.254,0.004,-0.145,0.000,0.000,0.000,0.000,0.000,0.000,0.000,0.000,0.000,0.000,0.000,0.000,
08,18,51,10,0.0,638.842,250.876,516.591,448.259,0.006,-0.149,0.000,0.000,0.000,0.000,0.000,0.000,0.000,0.000,0.000,0.000,0.000,0.000,
08,18,51,11,0.0,640.534,255.340,517.035,452.156,0.000,-0.147,0.000,0.000,0.000,0.000,0.000,0.000,0.000,0.000,0.000,0.000,0.000,0.000,
08,18,51,11,0.0,640.727,255.642,516.988,450.533,-0.003,-0.136,0.000,0.000,0.000,0.000,0.000,0.000,0.000,0.000,0.000,0.000,0.000,0.000,
08,18,51,12,0.0,640.095,247.169,515.490,442.444,-0.005,-0.138,0.000,0.000,0.000,0.000,0.000,0.000,0.000,0.000,0.000,0.000,0.000,0.000,
08,18,51,13,0.0,638.767,246.044,513.029,440.501,-0.008,-0.134,0.000,0.000,0.000,0.000,0.000,0.000,0.000,0.000,0.000,0.000,0.000,0.000,
08,18,51,13,0.0,637.729,244.295,511.783,441.302,-0.013,-0.147,0.000,0.000,0.000,0.000,0.000,0.000,0.000,0.000,0.000,0.000,0.000,0.000,
08,18,51,14,0.0,634.272,247.755,511.688,443.622,0.003,-0.140,0.000,0.000,0.000,0.000,0.000,0.000,0.000,0.000,0.000,0.000,0.000,0.000,
08,18,51,14,0.0,632.301,249.215,513.063,448.336,0.023,-0.157,0.000,0.000,0.000,0.000,0.000,0.000,0.000,0.000,0.000,0.000,0.000,0.000,
08,18,51,15,0.0,635.808,248.833,514.338,448.044,0.011,-0.159,0.000,0.000,0.000,0.000,0.000,0.000,0.000,0.000,0.000,0.000,0.000,0.000,
08,18,51,15,0.0,638.928,253.175,515.618,452.237,0.000,-0.158,0.000,0.000,0.000,0.000,0.000,0.000,0.000,0.000,0.000,0.000,0.000,0.000,
08,18,51,16,0.0,639.112,252.265,515.770,450.064,0.000,-0.152,0.000,0.000,0.000,0.000,0.000,0.000,0.000,0.000,0.000,0.000,0.000,0.000,
08,18,51,16,0.0,640.724,251.045,514.486,448.966,-0.013,-0.149,0.000,0.000,0.000,0.000,0.000,0.000,0.000,0.000,0.000,0.000,0.000,0.000,
08,18,51,17,0.0,639.170,251.557,511.525,446.028,-0.020,-0.137,0.000,0.000,0.000,0.000,0.000,0.000,0.000,0.000,0.000,0.000,0.000,0.000,
08,18,51,18,0.0,636.878,246.031,509.863,442.083,-0.019,-0.144,0.000,0.000,0.000,0.000,0.000,0.000,0.000,0.000,0.000,0.000,0.000,0.000,
08,18,51,18,0.0,632.632,248.349,509.007,441.318,0.000,-0.128,0.000,0.000,0.000,0.000,0.000,0.000,0.000,0.000,0.000,0.000,0.000,0.000,
08,18,51,19,0.0,631.080,250.159,509.596,446.588,0.009,-0.143,0.000,0.000,0.000,0.000,0.000,0.000,0.000,0.000,0.000,0.000,0.000,0.000,
08,18,51,19,0.0,631.167,249.051,510.790,449.222,0.014,-0.163,0.000,0.000,0.000,0.000,0.000,0.000,0.000,0.000,0.000,0.000,0.000,0.000,
08,18,51,20,0.0,632.498,252.584,511.926,451.946,0.012,-0.156,0.000,0.000,0.000,0.000,0.000,0.000,0.000,0.000,0.000,0.000,0.000,0.000,
08,18,51,20,0.0,633.501,250.423,512.411,448.424,0.012,-0.152,0.000,0.000,0.000,0.000,0.000,0.000,0.000,0.000,0.000,0.000,0.000,0.000,
08,18,51,21,0.0,634.435,247.115,511.211,445.302,0.000,-0.153,0.000,0.000,0.000,0.000,0.000,0.000,0.000,0.000,0.000,0.000,0.000,0.000,
08,18,51,22,0.0,634.488,245.724,509.092,441.227,-0.007,-0.141,0.000,0.000,0.000,0.000,0.000,0.000,0.000,0.000,0.000,0.000,0.000,0.000,
08,18,51,22,0.0,634.312,246.757,508.533,441.934,-0.011,-0.136,0.000,0.000,0.000,0.000,0.000,0.000,0.000,0.000,0.000,0.000,0.000,0.000,
08,18,51,23,0.0,634.833,247.247,509.175,441.803,-0.009,-0.133,0.000,0.000,0.000,0.000,0.000,0.000,0.000,0.000,0.000,0.000,0.000,0.000,
08,18,51,23,0.0,634.814,251.508,510.439,448.063,-0.004,-0.146,0.000,0.000,0.000,0.000,0.000,0.000,0.000,0.000,0.000,0.000,0.000,0.000,
08,18,51,24,0.0,635.462,250.934,511.691,449.616,0.000,-0.154,0.000,0.000,0.000,0.000,0.000,0.000,0.000,0.000,0.000,0.000,0.000,0.000,
08,18,51,24,0.0,635.476,252.523,512.622,450.673,0.000,-0.151,0.000,0.000,0.000,0.000,0.000,0.000,0.000,0.000,0.000,0.000,0.000,0.000,
08,18,51,25,0.0,635.088,254.289,511.558,451.307,0.000,-0.147,0.000,0.000,0.000,0.000,0.000,0.000,0.000,0.000,0.000,0.000,0.000,0.000,
08,18,51,26,0.0,634.600,249.519,508.298,446.724,-0.012,-0.146,0.000,0.000,0.000,0.000,0.000,0.000,0.000,0.000,0.000,0.000,0.000,0.000,
08,18,51,26,0.0,629.047,346.197,504.456,439.467,-0.005,0.351,0.000,0.000,0.000,0.000,0.000,0.000,0.000,0.000,0.000,0.000,0.000,0.000,
08,18,51,27,0.0,626.789,422.616,502.667,442.044,-0.004,0.704,0.000,0.000,0.000,0.000,0.000,0.000,0.000,0.000,0.000,0.000,0.000,0.000,
08,18,51,27,0.0,626.503,473.836,502.543,443.313,0.000,0.945,0.000,0.000,0.000,0.000,0.000,0.000,0.000,0.000,0.000,0.000,0.000,0.000,
08,18,51,28,0.0,626.908,510.494,503.300,448.421,0.000,1.097,0.000,0.000,0.000,0.000,0.000,0.000,0.000,0.000,0.000,0.000,0.000,0.000,
08,18,51,28,0.0,627.062,536.905,503.698,450.444,0.000,1.214,0.000,0.000,0.000,0.000,0.000,0.000,0.000,0.000,0.000,0.000,0.000,0.000,
08,18,51,29,0.0,629.894,555.664,503.602,453.130,-0.014,1.290,0.000,0.000,0.000,0.000,0.000,0.000,0.000,0.000,0.000,0.000,0.000,0.000,
08,18,51,30,0.0,616.184,555.799,503.524,449.459,0.052,1.309,0.000,0.000,0.000,0.000,0.000,0.000,0.000,0.000,0.000,0.000,0.000,0.000,
08,18,51,30,0.0,638.631,492.990,501.722,451.700,-0.065,0.998,0.000,0.000,0.000,0.000,0.000,0.000,0.000,0.000,0.000,0.000,0.000,0.000,
08,18,51,31,0.0,622.489,419.141,500.574,442.340,0.007,0.687,0.000,0.000,0.000,0.000,0.000,0.000,0.000,0.000,0.000,0.000,0.000,0.000,
08,18,51,31,0.0,0.000,0.000,500.407,443.689,0.000,0.000,0.000,0.000,0.000,0.000,0.000,0.000,0.000,0.000,0.000,0.000,0.000,0.000,
08,18,51,32,0.0,0.000,0.000,501.160,442.266,0.000,0.000,0.000,0.000,0.000,0.000,0.000,0.000,0.000,0.000,0.000,0.000,0.000,0.000,
08,18,51,32,0.0,0.000,0.000,503.023,446.658,0.000,0.000,0.000,0.000,0.000,0.000,0.000,0.000,0.000,0.000,0.000,0.000,0.000,0.000,
08,18,51,33,0.0,0.000,0.000,504.572,448.700,0.000,0.000,0.000,0.000,0.000,0.000,0.000,0.000,0.000,0.000,0.000,0.000,0.000,0.000,
08,18,51,34,0.0,0.000,0.000,505.507,452.630,0.000,0.000,0.000,0.000,0.000,0.000,0.000,0.000,0.000,0.000,0.000,0.000,0.000,0.000,
08,18,51,34,0.0,0.000,0.000,506.014,449.085,0.000,0.000,0.000,0.000,0.000,0.000,0.000,0.000,0.000,0.000,0.000,0.000,0.000,0.000,
08,18,51,35,0.0,0.000,0.000,504.517,446.732,0.000,0.000,0.000,0.000,0.000,0.000,0.000,0.000,0.000,0.000,0.000,0.000,0.000,0.000,
08,18,51,35,0.0,0.000,0.000,504.439,442.567,0.000,0.000,0.000,0.000,0.000,0.000,0.000,0.000,0.000,0.000,0.000,0.000,0.000,0.000,
08,18,51,36,0.0,0.000,0.000,505.211,444.499,0.000,0.000,0.000,0.000,0.000,0.000,0.000,0.000,0.000,0.000,0.000,0.000,0.000,0.000,
08,18,51,36,0.0,0.000,0.000,506.690,447.212,0.000,0.000,0.000,0.000,0.000,0.000,0.000,0.000,0.000,0.000,0.000,0.000,0.000,0.000,
08,18,51,37,0.0,0.000,0.000,509.376,446.078,0.000,0.000,0.000,0.000,0.000,0.000,0.000,0.000,0.000,0.000,0.000,0.000,0.000,0.000,
08,18,51,37,0.0,0.000,0.000,511.682,448.312,0.000,0.000,0.000,0.000,0.000,0.000,0.000,0.000,0.000,0.000,0.000,0.000,0.000,0.000,
08,18,51,38,0.0,0.000,0.000,513.306,450.201,0.000,0.000,0.000,0.000,0.000,0.000,0.000,0.000,0.000,0.000,0.000,0.000,0.000,0.000,
08,18,51,39,0.0,0.000,0.000,514.254,449.852,0.000,0.000,0.000,0.000,0.000,0.000,0.000,0.000,0.000,0.000,0.000,0.000,0.000,0.000,
08,18,51,39,0.0,0.000,0.000,513.385,445.853,0.000,0.000,0.000,0.000,0.000,0.000,0.000,0.000,0.000,0.000,0.000,0.000,0.000,0.000,
08,18,51,40,0.0,0.000,0.000,512.095,445.460,0.000,0.000,0.000,0.000,0.000,0.000,0.000,0.000,0.000,0.000,0.000,0.000,0.000,0.000,
08,18,51,40,0.0,0.000,0.000,0.000,0.000,0.000,0.000,0.000,0.000,0.000,0.000,0.000,0.000,0.000,0.000,0.000,0.000,0.000,0.000,
08,18,51,41,0.0,0.000,0.000,0.000,0.000,0.000,0.000,0.000,0.000,0.000,0.000,0.000,0.000,0.000,0.000,0.000,0.000,0.000,0.000,
08,18,51,41,0.0,0.000,0.000,0.000,0.000,0.000,0.000,0.000,0.000,0.000,0.000,0.000,0.000,0.000,0.000,0.000,0.000,0.000,0.000,
08,18,51,42,0.0,0.000,0.000,0.000,0.000,0.000,0.000,0.000,0.000,0.000,0.000,0.000,0.000,0.000,0.000,0.000,0.000,0.000,0.000,
08,18,51,43,0.0,0.000,0.000,0.000,0.000,0.000,0.000,0.000,0.000,0.000,0.000,0.000,0.000,0.000,0.000,0.000,0.000,0.000,0.000,
