,timestamp,Day,Time,Minute,Second,Speed[rpm],Pattern_X [Pixel], Pattern_Y [Pixel], Film_X [Pixel], Film_Y [Pixel],Film_Result_X [mm], Film_Result_Y [mm],Zoom_1st_X [Pixel], Zoom_1st_Y [Pixel], Zoom_Curr_X [Pixel], Zoom_Curr_Y [Pixel],Normal_1st_X [Pixel], Normal_1st_Y [Pixel], Normal_Curr_X [Pixel], Normal_Curr_Y [Pixel],Zoom_Result_X [mm], Zoom_Result_Y [mm], Film_Result_X [mm], Film_Result_Y [mm].1,FileName
534,2022-09-13 19:23:40,13,19,23,40,0.0,0.0,0.0,0.0,0.0,0.0,0.0,0.0,0.0,0.0,0.0,0.0,0.0,0.0,0.0,0.0,0.0,0.0,0.0,
535,2022-09-13 19:23:40,13,19,23,40,0.0,0.0,0.0,0.0,0.0,0.0,0.0,0.0,0.0,0.0,0.0,0.0,0.0,0.0,0.0,0.0,0.0,0.0,0.0,
536,2022-09-13 19:23:48,13,19,23,48,0.0,559.472,644.225,442.877,643.678,1.659,-0.412,0.0,0.0,0.0,0.0,0.0,0.0,0.0,0.0,0.0,0.0,0.0,0.0,
537,2022-09-13 19:23:53,13,19,23,53,0.0,908.011,633.308,440.945,642.914,-0.024,-0.459,0.0,0.0,0.0,0.0,0.0,0.0,0.0,0.0,0.0,0.0,0.0,0.0,
538,2022-09-13 19:23:58,13,19,23,58,0.0,903.877,417.931,444.205,428.803,0.015,-0.466,0.0,0.0,0.0,0.0,0.0,0.0,0.0,0.0,0.0,0.0,0.0,0.0,
539,2022-09-13 19:24:03,13,19,24,3,0.0,909.108,395.042,444.461,397.964,-0.01,-0.427,0.0,0.0,0.0,0.0,0.0,0.0,0.0,0.0,0.0,0.0,0.0,0.0,
540,2022-09-13 19:24:07,13,19,24,7,0.0,0.0,0.0,443.188,349.577,0.0,0.0,0.0,0.0,0.0,0.0,0.0,0.0,0.0,0.0,0.0,0.0,0.0,0.0,
541,2022-09-13 19:24:08,13,19,24,8,0.0,0.0,0.0,440.754,347.588,0.0,0.0,0.0,0.0,0.0,0.0,0.0,0.0,0.0,0.0,0.0,0.0,0.0,0.0,
542,2022-09-13 19:24:09,13,19,24,9,0.0,0.0,0.0,436.907,354.762,0.0,0.0,0.0,0.0,0.0,0.0,0.0,0.0,0.0,0.0,0.0,0.0,0.0,0.0,
543,2022-09-13 19:24:10,13,19,24,10,0.0,0.0,0.0,433.641,348.63,0.0,0.0,0.0,0.0,0.0,0.0,0.0,0.0,0.0,0.0,0.0,0.0,0.0,0.0,
544,2022-09-13 19:24:11,13,19,24,11,0.0,905.558,270.164,427.761,461.615,-0.075,-1.334,0.0,0.0,0.0,0.0,0.0,0.0,0.0,0.0,0.0,0.0,0.0,0.0,
545,2022-09-13 19:24:12,13,19,24,12,0.0,890.485,184.393,426.876,350.169,-0.007,-1.213,0.0,0.0,0.0,0.0,0.0,0.0,0.0,0.0,0.0,0.0,0.0,0.0,
546,2022-09-13 19:24:13,13,19,24,13,0.0,889.302,226.331,426.158,350.489,0.0,-1.011,0.0,0.0,0.0,0.0,0.0,0.0,0.0,0.0,0.0,0.0,0.0,0.0,
547,2022-09-13 19:24:14,13,19,24,14,0.0,889.383,260.692,424.407,347.335,-0.011,-0.832,0.0,0.0,0.0,0.0,0.0,0.0,0.0,0.0,0.0,0.0,0.0,0.0,
548,2022-09-13 19:24:15,13,19,24,15,0.0,886.722,288.811,422.192,343.377,-0.008,-0.678,0.0,0.0,0.0,0.0,0.0,0.0,0.0,0.0,0.0,0.0,0.0,0.0,
549,2022-09-13 19:24:16,13,19,24,16,0.0,885.518,316.795,418.707,347.341,-0.022,-0.563,0.0,0.0,0.0,0.0,0.0,0.0,0.0,0.0,0.0,0.0,0.0,0.0,
550,2022-09-13 19:24:17,13,19,24,17,0.0,879.867,333.067,414.059,345.379,-0.014,-0.475,0.0,0.0,0.0,0.0,0.0,0.0,0.0,0.0,0.0,0.0,0.0,0.0,
551,2022-09-13 19:24:18,13,19,24,18,0.0,877.096,347.452,409.734,345.935,-0.024,-0.406,0.0,0.0,0.0,0.0,0.0,0.0,0.0,0.0,0.0,0.0,0.0,0.0,
552,2022-09-13 19:24:19,13,19,24,19,0.0,871.2,354.985,405.288,347.058,-0.015,-0.379,0.0,0.0,0.0,0.0,0.0,0.0,0.0,0.0,0.0,0.0,0.0,0.0,
553,2022-09-13 19:24:20,13,19,24,20,0.0,870.548,356.493,401.874,349.356,-0.031,-0.382,0.0,0.0,0.0,0.0,0.0,0.0,0.0,0.0,0.0,0.0,0.0,0.0,
554,2022-09-13 19:24:21,13,19,24,21,0.0,864.483,347.781,400.795,340.31,-0.007,-0.38,0.0,0.0,0.0,0.0,0.0,0.0,0.0,0.0,0.0,0.0,0.0,0.0,
555,2022-09-13 19:24:22,13,19,24,22,0.0,864.078,348.767,400.053,339.053,-0.005,-0.371,0.0,0.0,0.0,0.0,0.0,0.0,0.0,0.0,0.0,0.0,0.0,0.0,
556,2022-09-13 19:24:23,13,19,24,23,0.0,861.205,355.688,398.272,343.545,0.0,-0.357,0.0,0.0,0.0,0.0,0.0,0.0,0.0,0.0,0.0,0.0,0.0,0.0,
557,2022-09-13 19:24:24,13,19,24,24,0.0,859.928,365.023,395.974,344.307,-0.009,-0.317,0.0,0.0,0.0,0.0,0.0,0.0,0.0,0.0,0.0,0.0,0.0,0.0,
558,2022-09-13 19:24:25,13,19,24,25,0.0,858.199,363.98,393.172,338.843,-0.011,-0.293,0.0,0.0,0.0,0.0,0.0,0.0,0.0,0.0,0.0,0.0,0.0,0.0,
559,2022-09-13 19:24:26,13,19,24,26,0.0,855.11,369.851,390.752,343.36,-0.01,-0.289,0.0,0.0,0.0,0.0,0.0,0.0,0.0,0.0,0.0,0.0,0.0,0.0,
560,2022-09-13 19:24:27,13,19,24,27,0.0,853.004,376.181,388.03,352.876,-0.01,-0.302,0.0,0.0,0.0,0.0,0.0,0.0,0.0,0.0,0.0,0.0,0.0,0.0,
561,2022-09-13 19:24:28,13,19,24,28,0.0,852.129,363.114,386.201,343.035,-0.015,-0.321,0.0,0.0,0.0,0.0,0.0,0.0,0.0,0.0,0.0,0.0,0.0,0.0,
562,2022-09-13 19:24:29,13,19,24,29,0.0,850.35,355.532,386.336,342.047,-0.006,-0.353,0.0,0.0,0.0,0.0,0.0,0.0,0.0,0.0,0.0,0.0,0.0,0.0,
563,2022-09-13 19:24:30,13,19,24,30,0.0,850.828,358.428,386.854,342.858,-0.009,-0.339,0.0,0.0,0.0,0.0,0.0,0.0,0.0,0.0,0.0,0.0,0.0,0.0,
564,2022-09-13 19:24:31,13,19,24,31,0.0,847.92,365.457,386.427,346.786,0.005,-0.324,0.0,0.0,0.0,0.0,0.0,0.0,0.0,0.0,0.0,0.0,0.0,0.0,
565,2022-09-13 19:24:33,13,19,24,33,0.0,847.324,371.643,385.364,349.415,0.003,-0.309,0.0,0.0,0.0,0.0,0.0,0.0,0.0,0.0,0.0,0.0,0.0,0.0,
566,2022-09-13 19:24:34,13,19,24,34,0.0,846.635,374.331,381.95,348.978,-0.013,-0.291,0.0,0.0,0.0,0.0,0.0,0.0,0.0,0.0,0.0,0.0,0.0,0.0,
567,2022-09-13 19:24:35,13,19,24,35,0.0,845.435,372.18,379.206,344.062,-0.016,-0.282,0.0,0.0,0.0,0.0,0.0,0.0,0.0,0.0,0.0,0.0,0.0,0.0,
568,2022-09-13 19:24:36,13,19,24,36,0.0,842.021,371.32,377.606,346.787,-0.01,-0.296,0.0,0.0,0.0,0.0,0.0,0.0,0.0,0.0,0.0,0.0,0.0,0.0,
569,2022-09-13 19:24:37,13,19,24,37,0.0,839.933,369.877,378.129,350.041,0.005,-0.322,0.0,0.0,0.0,0.0,0.0,0.0,0.0,0.0,0.0,0.0,0.0,0.0,
570,2022-09-13 19:24:38,13,19,24,38,0.0,841.739,366.102,380.679,351.775,0.006,-0.345,0.0,0.0,0.0,0.0,0.0,0.0,0.0,0.0,0.0,0.0,0.0,0.0,
571,2022-09-13 19:24:39,13,19,24,39,0.0,843.385,355.634,383.831,341.266,0.013,-0.347,0.0,0.0,0.0,0.0,0.0,0.0,0.0,0.0,0.0,0.0,0.0,0.0,
572,2022-09-13 19:24:40,13,19,24,40,0.0,845.042,360.445,385.979,342.784,0.014,-0.329,0.0,0.0,0.0,0.0,0.0,0.0,0.0,0.0,0.0,0.0,0.0,0.0,
573,2022-09-13 19:24:41,13,19,24,41,0.0,847.105,368.742,386.598,347.582,0.009,-0.313,0.0,0.0,0.0,0.0,0.0,0.0,0.0,0.0,0.0,0.0,0.0,0.0,
574,2022-09-13 19:24:42,13,19,24,42,0.0,848.99,374.586,385.545,350.799,-0.005,-0.3,0.0,0.0,0.0,0.0,0.0,0.0,0.0,0.0,0.0,0.0,0.0,0.0,
575,2022-09-13 19:24:43,13,19,24,43,0.0,0.0,0.0,385.058,315.773,0.0,0.0,0.0,0.0,0.0,0.0,0.0,0.0,0.0,0.0,0.0,0.0,0.0,0.0,
576,2022-09-13 19:24:43,13,19,24,43,0.0,0.0,0.0,385.355,312.28,0.0,0.0,0.0,0.0,0.0,0.0,0.0,0.0,0.0,0.0,0.0,0.0,0.0,0.0,
577,2022-09-13 19:24:44,13,19,24,44,0.0,0.0,0.0,384.86,311.24,0.0,0.0,0.0,0.0,0.0,0.0,0.0,0.0,0.0,0.0,0.0,0.0,0.0,0.0,
578,2022-09-13 19:24:44,13,19,24,44,0.0,0.0,0.0,386.139,308.177,0.0,0.0,0.0,0.0,0.0,0.0,0.0,0.0,0.0,0.0,0.0,0.0,0.0,0.0,
579,2022-09-13 19:24:45,13,19,24,45,0.0,0.0,0.0,387.749,307.056,0.0,0.0,0.0,0.0,0.0,0.0,0.0,0.0,0.0,0.0,0.0,0.0,0.0,0.0,
580,2022-09-13 19:24:46,13,19,24,46,0.0,0.0,0.0,388.568,308.351,0.0,0.0,0.0,0.0,0.0,0.0,0.0,0.0,0.0,0.0,0.0,0.0,0.0,0.0,
581,2022-09-13 19:24:46,13,19,24,46,0.0,0.0,0.0,387.679,307.319,0.0,0.0,0.0,0.0,0.0,0.0,0.0,0.0,0.0,0.0,0.0,0.0,0.0,0.0,
582,2022-09-13 19:24:47,13,19,24,47,0.0,849.334,177.936,386.31,313.93,0.0,-1.066,0.0,0.0,0.0,0.0,0.0,0.0,0.0,0.0,0.0,0.0,0.0,0.0,
583,2022-09-13 19:24:47,13,19,24,47,0.0,848.133,276.877,384.47,320.653,-0.005,-0.625,0.0,0.0,0.0,0.0,0.0,0.0,0.0,0.0,0.0,0.0,0.0,0.0,
584,2022-09-13 19:24:48,13,19,24,48,0.0,848.791,305.723,383.042,320.42,-0.013,-0.486,0.0,0.0,0.0,0.0,0.0,0.0,0.0,0.0,0.0,0.0,0.0,0.0,
585,2022-09-13 19:24:48,13,19,24,48,0.0,846.028,316.807,382.216,320.747,-0.005,-0.433,0.0,0.0,0.0,0.0,0.0,0.0,0.0,0.0,0.0,0.0,0.0,0.0,
586,2022-09-13 19:24:49,13,19,24,49,0.0,846.266,313.31,383.707,317.045,0.0,-0.435,0.0,0.0,0.0,0.0,0.0,0.0,0.0,0.0,0.0,0.0,0.0,0.0,
587,2022-09-13 19:24:50,13,19,24,50,0.0,846.609,317.557,385.315,314.372,0.007,-0.401,0.0,0.0,0.0,0.0,0.0,0.0,0.0,0.0,0.0,0.0,0.0,0.0,
588,2022-09-13 19:24:50,13,19,24,50,0.0,846.525,317.174,386.224,305.323,0.012,-0.359,0.0,0.0,0.0,0.0,0.0,0.0,0.0,0.0,0.0,0.0,0.0,0.0,
589,2022-09-13 19:24:51,13,19,24,51,0.0,847.387,329.577,385.209,309.307,0.0,-0.319,0.0,0.0,0.0,0.0,0.0,0.0,0.0,0.0,0.0,0.0,0.0,0.0,
590,2022-09-13 19:24:51,13,19,24,51,0.0,847.85,329.53,383.829,306.108,-0.009,-0.305,0.0,0.0,0.0,0.0,0.0,0.0,0.0,0.0,0.0,0.0,0.0,0.0,
591,2022-09-13 19:24:52,13,19,24,52,0.0,846.978,333.813,382.948,307.202,-0.009,-0.289,0.0,0.0,0.0,0.0,0.0,0.0,0.0,0.0,0.0,0.0,0.0,0.0,
592,2022-09-13 19:24:52,13,19,24,52,0.0,845.175,333.023,381.653,308.368,-0.006,-0.297,0.0,0.0,0.0,0.0,0.0,0.0,0.0,0.0,0.0,0.0,0.0,0.0,
593,2022-09-13 19:24:53,13,19,24,53,0.0,844.665,330.642,380.507,311.142,-0.008,-0.323,0.0,0.0,0.0,0.0,0.0,0.0,0.0,0.0,0.0,0.0,0.0,0.0,
594,2022-09-13 19:24:54,13,19,24,54,0.0,844.178,324.341,381.787,306.533,0.0,-0.33,0.0,0.0,0.0,0.0,0.0,0.0,0.0,0.0,0.0,0.0,0.0,0.0,
595,2022-09-13 19:24:54,13,19,24,54,0.0,843.714,320.467,383.515,303.821,0.011,-0.334,0.0,0.0,0.0,0.0,0.0,0.0,0.0,0.0,0.0,0.0,0.0,0.0,
596,2022-09-13 19:24:55,13,19,24,55,0.0,844.254,323.346,384.516,303.736,0.013,-0.32,0.0,0.0,0.0,0.0,0.0,0.0,0.0,0.0,0.0,0.0,0.0,0.0,
597,2022-09-13 19:24:55,13,19,24,55,0.0,846.331,331.272,384.69,305.922,0.003,-0.291,0.0,0.0,0.0,0.0,0.0,0.0,0.0,0.0,0.0,0.0,0.0,0.0,
598,2022-09-13 19:24:56,13,19,24,56,0.0,846.004,338.136,383.735,311.975,0.0,-0.287,0.0,0.0,0.0,0.0,0.0,0.0,0.0,0.0,0.0,0.0,0.0,0.0,
599,2022-09-13 19:24:56,13,19,24,56,0.0,847.483,339.517,383.213,308.652,-0.007,-0.266,0.0,0.0,0.0,0.0,0.0,0.0,0.0,0.0,0.0,0.0,0.0,0.0,
600,2022-09-13 19:24:57,13,19,24,57,0.0,846.45,336.058,382.686,311.887,-0.007,-0.297,0.0,0.0,0.0,0.0,0.0,0.0,0.0,0.0,0.0,0.0,0.0,0.0,
601,2022-09-13 19:24:57,13,19,24,57,0.0,846.255,325.98,382.508,303.248,-0.006,-0.307,0.0,0.0,0.0,0.0,0.0,0.0,0.0,0.0,0.0,0.0,0.0,0.0,
602,2022-09-13 19:24:58,13,19,24,58,0.0,844.501,323.722,384.65,309.111,0.012,-0.347,0.0,0.0,0.0,0.0,0.0,0.0,0.0,0.0,0.0,0.0,0.0,0.0,
603,2022-09-13 19:24:59,13,19,24,59,0.0,845.888,321.768,386.701,308.389,0.015,-0.352,0.0,0.0,0.0,0.0,0.0,0.0,0.0,0.0,0.0,0.0,0.0,0.0,
604,2022-09-13 19:24:59,13,19,24,59,0.0,847.571,324.783,387.883,306.908,0.012,-0.327,0.0,0.0,0.0,0.0,0.0,0.0,0.0,0.0,0.0,0.0,0.0,0.0,
605,2022-09-13 19:25:00,13,19,25,0,0.0,849.755,331.151,388.04,306.794,0.006,-0.297,0.0,0.0,0.0,0.0,0.0,0.0,0.0,0.0,0.0,0.0,0.0,0.0,
606,2022-09-13 19:25:00,13,19,25,0,0.0,851.005,330.82,386.617,304.692,-0.01,-0.289,0.0,0.0,0.0,0.0,0.0,0.0,0.0,0.0,0.0,0.0,0.0,0.0,
607,2022-09-13 19:25:01,13,19,25,1,0.0,851.353,333.553,385.312,303.869,-0.016,-0.319,0.0,0.0,0.0,0.0,0.0,0.0,0.0,0.0,0.0,0.0,0.0,0.0,
608,2022-09-13 19:25:01,13,19,25,1,0.0,847.872,335.698,383.765,308.995,-0.009,-0.333,0.0,0.0,0.0,0.0,0.0,0.0,0.0,0.0,0.0,0.0,0.0,0.0,
609,2022-09-13 19:25:02,13,19,25,2,0.0,846.858,331.186,383.053,305.606,-0.004,-0.34,0.0,0.0,0.0,0.0,0.0,0.0,0.0,0.0,0.0,0.0,0.0,0.0,
610,2022-09-13 19:25:03,13,19,25,3,0.0,846.026,328.855,384.404,307.526,0.005,-0.361,0.0,0.0,0.0,0.0,0.0,0.0,0.0,0.0,0.0,0.0,0.0,0.0,
611,2022-09-13 19:25:03,13,19,25,3,0.0,846.792,327.96,385.553,305.836,0.006,-0.355,0.0,0.0,0.0,0.0,0.0,0.0,0.0,0.0,0.0,0.0,0.0,0.0,
612,2022-09-13 19:25:04,13,19,25,4,0.0,847.218,330.443,385.695,303.47,0.004,-0.334,0.0,0.0,0.0,0.0,0.0,0.0,0.0,0.0,0.0,0.0,0.0,0.0,
613,2022-09-13 19:25:04,13,19,25,4,0.0,846.995,338.482,384.587,306.499,0.0,-0.31,0.0,0.0,0.0,0.0,0.0,0.0,0.0,0.0,0.0,0.0,0.0,0.0,
614,2022-09-13 19:25:05,13,19,25,5,0.0,846.895,344.394,383.016,308.813,-0.004,-0.291,0.0,0.0,0.0,0.0,0.0,0.0,0.0,0.0,0.0,0.0,0.0,0.0,
615,2022-09-13 19:25:05,13,19,25,5,0.0,846.571,343.282,381.221,306.598,-0.012,-0.287,0.0,0.0,0.0,0.0,0.0,0.0,0.0,0.0,0.0,0.0,0.0,0.0,
616,2022-09-13 19:25:06,13,19,25,6,0.0,844.25,343.703,379.445,308.591,-0.011,-0.294,0.0,0.0,0.0,0.0,0.0,0.0,0.0,0.0,0.0,0.0,0.0,0.0,
617,2022-09-13 19:25:07,13,19,25,7,0.0,842.329,339.292,378.025,307.832,-0.006,-0.311,0.0,0.0,0.0,0.0,0.0,0.0,0.0,0.0,0.0,0.0,0.0,0.0,
618,2022-09-13 19:25:07,13,19,25,7,0.0,842.564,331.565,379.01,305.091,0.0,-0.338,0.0,0.0,0.0,0.0,0.0,0.0,0.0,0.0,0.0,0.0,0.0,0.0,
619,2022-09-13 19:25:08,13,19,25,8,0.0,842.452,329.537,380.156,304.268,0.0,-0.343,0.0,0.0,0.0,0.0,0.0,0.0,0.0,0.0,0.0,0.0,0.0,0.0,
620,2022-09-13 19:25:08,13,19,25,8,0.0,841.764,334.834,379.789,306.561,0.0,-0.327,0.0,0.0,0.0,0.0,0.0,0.0,0.0,0.0,0.0,0.0,0.0,0.0,
621,2022-09-13 19:25:09,13,19,25,9,0.0,841.047,341.846,377.821,308.849,-0.005,-0.303,0.0,0.0,0.0,0.0,0.0,0.0,0.0,0.0,0.0,0.0,0.0,0.0,
622,2022-09-13 19:25:09,13,19,25,9,0.0,840.182,342.631,374.408,306.558,-0.015,-0.29,0.0,0.0,0.0,0.0,0.0,0.0,0.0,0.0,0.0,0.0,0.0,0.0,
623,2022-09-13 19:25:10,13,19,25,10,0.0,837.613,343.851,372.657,305.511,-0.013,-0.279,0.0,0.0,0.0,0.0,0.0,0.0,0.0,0.0,0.0,0.0,0.0,0.0,
624,2022-09-13 19:25:11,13,19,25,11,0.0,834.736,341.488,370.64,305.672,-0.008,-0.29,0.0,0.0,0.0,0.0,0.0,0.0,0.0,0.0,0.0,0.0,0.0,0.0,
625,2022-09-13 19:25:11,13,19,25,11,0.0,832.722,339.557,369.546,308.504,-0.003,-0.314,0.0,0.0,0.0,0.0,0.0,0.0,0.0,0.0,0.0,0.0,0.0,0.0,
626,2022-09-13 19:25:12,13,19,25,12,0.0,833.08,335.074,371.013,307.039,0.004,-0.331,0.0,0.0,0.0,0.0,0.0,0.0,0.0,0.0,0.0,0.0,0.0,0.0,
627,2022-09-13 19:25:12,13,19,25,12,0.0,832.831,330.078,374.1,303.996,0.02,-0.336,0.0,0.0,0.0,0.0,0.0,0.0,0.0,0.0,0.0,0.0,0.0,0.0,
628,2022-09-13 19:25:13,13,19,25,13,0.0,834.804,333.633,375.929,304.36,0.015,-0.323,0.0,0.0,0.0,0.0,0.0,0.0,0.0,0.0,0.0,0.0,0.0,0.0,
629,2022-09-13 19:25:13,13,19,25,13,0.0,836.954,340.542,376.195,307.654,0.01,-0.305,0.0,0.0,0.0,0.0,0.0,0.0,0.0,0.0,0.0,0.0,0.0,0.0,
630,2022-09-13 19:25:14,13,19,25,14,0.0,839.513,343.993,375.173,308.834,-0.007,-0.293,0.0,0.0,0.0,0.0,0.0,0.0,0.0,0.0,0.0,0.0,0.0,0.0,
631,2022-09-13 19:25:15,13,19,25,15,0.0,840.728,346.784,374.381,306.905,-0.018,-0.27,0.0,0.0,0.0,0.0,0.0,0.0,0.0,0.0,0.0,0.0,0.0,0.0,
632,2022-09-13 19:25:15,13,19,25,15,0.0,837.552,347.624,373.885,311.343,-0.007,-0.29,0.0,0.0,0.0,0.0,0.0,0.0,0.0,0.0,0.0,0.0,0.0,0.0,
633,2022-09-13 19:25:16,13,19,25,16,0.0,835.746,343.391,373.934,310.62,0.0,-0.305,0.0,0.0,0.0,0.0,0.0,0.0,0.0,0.0,0.0,0.0,0.0,0.0,
634,2022-09-13 19:25:16,13,19,25,16,0.0,835.194,331.567,376.415,305.175,0.018,-0.338,0.0,0.0,0.0,0.0,0.0,0.0,0.0,0.0,0.0,0.0,0.0,0.0,
635,2022-09-13 19:25:17,13,19,25,17,0.0,836.971,334.09,379.341,311.644,0.024,-0.355,0.0,0.0,0.0,0.0,0.0,0.0,0.0,0.0,0.0,0.0,0.0,0.0,
636,2022-09-13 19:25:17,13,19,25,17,0.0,841.302,337.327,380.821,311.013,0.008,-0.339,0.0,0.0,0.0,0.0,0.0,0.0,0.0,0.0,0.0,0.0,0.0,0.0,
637,2022-09-13 19:25:18,13,19,25,18,0.0,843.262,344.275,381.42,312.374,0.004,-0.311,0.0,0.0,0.0,0.0,0.0,0.0,0.0,0.0,0.0,0.0,0.0,0.0,
638,2022-09-13 19:25:19,13,19,25,19,0.0,844.635,348.391,380.499,315.748,-0.008,-0.305,0.0,0.0,0.0,0.0,0.0,0.0,0.0,0.0,0.0,0.0,0.0,0.0,
639,2022-09-13 19:25:19,13,19,25,19,0.0,845.606,353.216,379.83,317.588,-0.017,-0.292,0.0,0.0,0.0,0.0,0.0,0.0,0.0,0.0,0.0,0.0,0.0,0.0,
640,2022-09-13 19:25:20,13,19,25,20,0.0,842.289,353.455,380.119,319.186,0.003,-0.3,0.0,0.0,0.0,0.0,0.0,0.0,0.0,0.0,0.0,0.0,0.0,0.0,
641,2022-09-13 19:25:20,13,19,25,20,0.0,841.606,349.75,381.038,318.348,0.011,-0.313,0.0,0.0,0.0,0.0,0.0,0.0,0.0,0.0,0.0,0.0,0.0,0.0,
642,2022-09-13 19:25:21,13,19,25,21,0.0,843.562,344.271,383.949,318.414,0.012,-0.34,0.0,0.0,0.0,0.0,0.0,0.0,0.0,0.0,0.0,0.0,0.0,0.0,
643,2022-09-13 19:25:21,13,19,25,21,0.0,845.831,342.617,386.495,318.334,0.015,-0.347,0.0,0.0,0.0,0.0,0.0,0.0,0.0,0.0,0.0,0.0,0.0,0.0,
644,2022-09-13 19:25:22,13,19,25,22,0.0,847.95,343.476,388.691,318.151,0.015,-0.343,0.0,0.0,0.0,0.0,0.0,0.0,0.0,0.0,0.0,0.0,0.0,0.0,
645,2022-09-13 19:25:22,13,19,25,22,0.0,849.791,353.701,389.245,322.693,0.011,-0.313,0.0,0.0,0.0,0.0,0.0,0.0,0.0,0.0,0.0,0.0,0.0,0.0,
646,2022-09-13 19:25:23,13,19,25,23,0.0,852.743,353.586,388.904,320.142,-0.008,-0.304,0.0,0.0,0.0,0.0,0.0,0.0,0.0,0.0,0.0,0.0,0.0,0.0,
647,2022-09-13 19:25:24,13,19,25,24,0.0,854.384,359.608,387.523,320.812,-0.021,-0.275,0.0,0.0,0.0,0.0,0.0,0.0,0.0,0.0,0.0,0.0,0.0,0.0,
648,2022-09-13 19:25:24,13,19,25,24,0.0,849.468,355.356,385.589,319.972,-0.007,-0.291,0.0,0.0,0.0,0.0,0.0,0.0,0.0,0.0,0.0,0.0,0.0,0.0,
649,2022-09-13 19:25:25,13,19,25,25,0.0,847.442,347.445,384.979,317.01,0.0,-0.319,0.0,0.0,0.0,0.0,0.0,0.0,0.0,0.0,0.0,0.0,0.0,0.0,
650,2022-09-13 19:25:25,13,19,25,25,0.0,847.662,340.844,387.626,317.667,0.011,-0.351,0.0,0.0,0.0,0.0,0.0,0.0,0.0,0.0,0.0,0.0,0.0,0.0,
651,2022-09-13 19:25:26,13,19,25,26,0.0,849.931,336.608,390.41,314.143,0.015,-0.357,0.0,0.0,0.0,0.0,0.0,0.0,0.0,0.0,0.0,0.0,0.0,0.0,
652,2022-09-13 19:25:26,13,19,25,26,0.0,851.716,342.237,392.302,316.651,0.016,-0.34,0.0,0.0,0.0,0.0,0.0,0.0,0.0,0.0,0.0,0.0,0.0,0.0,
653,2022-09-13 19:25:27,13,19,25,27,0.0,853.34,353.703,392.783,323.882,0.008,-0.318,0.0,0.0,0.0,0.0,0.0,0.0,0.0,0.0,0.0,0.0,0.0,0.0,
654,2022-09-13 19:25:28,13,19,25,28,0.0,854.879,357.914,391.9,327.356,-0.004,-0.317,0.0,0.0,0.0,0.0,0.0,0.0,0.0,0.0,0.0,0.0,0.0,0.0,
655,2022-09-13 19:25:28,13,19,25,28,0.0,855.847,355.462,391.154,322.332,-0.009,-0.305,0.0,0.0,0.0,0.0,0.0,0.0,0.0,0.0,0.0,0.0,0.0,0.0,
656,2022-09-13 19:25:29,13,19,25,29,0.0,854.201,353.456,390.318,323.501,-0.006,-0.319,0.0,0.0,0.0,0.0,0.0,0.0,0.0,0.0,0.0,0.0,0.0,0.0,
657,2022-09-13 19:25:29,13,19,25,29,0.0,853.217,350.27,390.396,322.585,0.0,-0.33,0.0,0.0,0.0,0.0,0.0,0.0,0.0,0.0,0.0,0.0,0.0,0.0,
658,2022-09-13 19:25:30,13,19,25,30,0.0,853.971,341.429,391.86,319.747,0.0,-0.358,0.0,0.0,0.0,0.0,0.0,0.0,0.0,0.0,0.0,0.0,0.0,0.0,
659,2022-09-13 19:25:30,13,19,25,30,0.0,854.466,341.24,393.607,322.11,0.007,-0.373,0.0,0.0,0.0,0.0,0.0,0.0,0.0,0.0,0.0,0.0,0.0,0.0,
660,2022-09-13 19:25:31,13,19,25,31,0.0,854.555,346.191,393.791,320.837,0.007,-0.34,0.0,0.0,0.0,0.0,0.0,0.0,0.0,0.0,0.0,0.0,0.0,0.0,
661,2022-09-13 19:25:32,13,19,25,32,0.0,854.924,345.006,392.843,314.029,0.0,-0.317,0.0,0.0,0.0,0.0,0.0,0.0,0.0,0.0,0.0,0.0,0.0,0.0,
662,2022-09-13 19:25:32,13,19,25,32,0.0,855.098,350.279,393.185,653.854,0.004,-1.919,0.0,0.0,0.0,0.0,0.0,0.0,0.0,0.0,0.0,0.0,0.0,0.0,
663,2022-09-13 19:25:33,13,19,25,33,0.0,0.0,0.0,0.0,0.0,0.0,0.0,0.0,0.0,0.0,0.0,0.0,0.0,0.0,0.0,0.0,0.0,0.0,0.0,
664,2022-09-13 19:25:33,13,19,25,33,0.0,0.0,0.0,0.0,0.0,0.0,0.0,0.0,0.0,0.0,0.0,0.0,0.0,0.0,0.0,0.0,0.0,0.0,0.0,
665,2022-09-13 19:25:34,13,19,25,34,0.0,0.0,0.0,0.0,0.0,0.0,0.0,0.0,0.0,0.0,0.0,0.0,0.0,0.0,0.0,0.0,0.0,0.0,0.0,
666,2022-09-13 19:25:34,13,19,25,34,0.0,0.0,0.0,0.0,0.0,0.0,0.0,0.0,0.0,0.0,0.0,0.0,0.0,0.0,0.0,0.0,0.0,0.0,0.0,
667,2022-09-13 19:25:35,13,19,25,35,0.0,0.0,0.0,0.0,0.0,0.0,0.0,0.0,0.0,0.0,0.0,0.0,0.0,0.0,0.0,0.0,0.0,0.0,0.0,
668,2022-09-13 19:25:36,13,19,25,36,0.0,0.0,0.0,0.0,0.0,0.0,0.0,0.0,0.0,0.0,0.0,0.0,0.0,0.0,0.0,0.0,0.0,0.0,0.0,
669,2022-09-13 19:25:36,13,19,25,36,0.0,0.0,0.0,0.0,0.0,0.0,0.0,0.0,0.0,0.0,0.0,0.0,0.0,0.0,0.0,0.0,0.0,0.0,0.0,
670,2022-09-13 19:25:37,13,19,25,37,0.0,854.018,655.131,381.993,598.304,-0.048,-0.191,0.0,0.0,0.0,0.0,0.0,0.0,0.0,0.0,0.0,0.0,0.0,0.0,
671,2022-09-13 19:25:37,13,19,25,37,0.0,848.953,413.954,384.89,300.842,-0.009,0.081,0.0,0.0,0.0,0.0,0.0,0.0,0.0,0.0,0.0,0.0,0.0,0.0,
672,2022-09-13 19:25:38,13,19,25,38,0.0,846.667,357.173,383.313,255.619,-0.003,0.025,0.0,0.0,0.0,0.0,0.0,0.0,0.0,0.0,0.0,0.0,0.0,0.0,
673,2022-09-13 19:25:38,13,19,25,38,0.0,845.431,348.809,381.329,268.779,-0.007,-0.078,0.0,0.0,0.0,0.0,0.0,0.0,0.0,0.0,0.0,0.0,0.0,0.0,
674,2022-09-13 19:25:39,13,19,25,39,0.0,845.294,328.26,381.49,265.848,-0.006,-0.162,0.0,0.0,0.0,0.0,0.0,0.0,0.0,0.0,0.0,0.0,0.0,0.0,
675,2022-09-13 19:25:40,13,19,25,40,0.0,844.374,329.807,382.875,278.095,0.003,-0.217,0.0,0.0,0.0,0.0,0.0,0.0,0.0,0.0,0.0,0.0,0.0,0.0,
676,2022-09-13 19:25:40,13,19,25,40,0.0,843.25,327.857,383.78,281.833,0.013,-0.241,0.0,0.0,0.0,0.0,0.0,0.0,0.0,0.0,0.0,0.0,0.0,0.0,
677,2022-09-13 19:25:41,13,19,25,41,0.0,843.547,332.222,384.46,287.454,-0.031,-0.249,0.0,0.0,0.0,0.0,0.0,0.0,0.0,0.0,0.0,0.0,0.0,0.0,
678,2022-09-13 19:25:41,13,19,25,41,0.0,841.175,333.289,384.169,289.77,-0.02,-0.253,0.0,0.0,0.0,0.0,0.0,0.0,0.0,0.0,0.0,0.0,0.0,0.0,
679,2022-09-13 19:25:42,13,19,25,42,0.0,836.405,339.189,384.292,295.226,0.0,-0.253,0.0,0.0,0.0,0.0,0.0,0.0,0.0,0.0,0.0,0.0,0.0,0.0,
680,2022-09-13 19:25:42,13,19,25,42,0.0,833.784,331.648,384.181,297.869,0.015,-0.299,0.0,0.0,0.0,0.0,0.0,0.0,0.0,0.0,0.0,0.0,0.0,0.0,
681,2022-09-13 19:25:43,13,19,25,43,0.0,835.896,326.31,385.492,294.675,0.01,-0.311,0.0,0.0,0.0,0.0,0.0,0.0,0.0,0.0,0.0,0.0,0.0,0.0,
682,2022-09-13 19:25:44,13,19,25,44,0.0,838.83,326.418,388.596,297.179,0.01,-0.324,0.0,0.0,0.0,0.0,0.0,0.0,0.0,0.0,0.0,0.0,0.0,0.0,
683,2022-09-13 19:25:44,13,19,25,44,0.0,841.222,323.799,391.365,297.645,0.013,-0.337,0.0,0.0,0.0,0.0,0.0,0.0,0.0,0.0,0.0,0.0,0.0,0.0,
684,2022-09-13 19:25:45,13,19,25,45,0.0,843.657,328.515,393.196,298.592,0.011,-0.319,0.0,0.0,0.0,0.0,0.0,0.0,0.0,0.0,0.0,0.0,0.0,0.0,
685,2022-09-13 19:25:45,13,19,25,45,0.0,844.635,333.528,396.51,302.472,0.021,-0.314,0.0,0.0,0.0,0.0,0.0,0.0,0.0,0.0,0.0,0.0,0.0,0.0,
686,2022-09-13 19:25:46,13,19,25,46,0.0,848.885,340.101,395.452,306.711,-0.004,-0.302,0.0,0.0,0.0,0.0,0.0,0.0,0.0,0.0,0.0,0.0,0.0,0.0,
687,2022-09-13 19:25:46,13,19,25,46,0.0,850.274,342.996,394.032,307.353,-0.016,-0.293,0.0,0.0,0.0,0.0,0.0,0.0,0.0,0.0,0.0,0.0,0.0,0.0,
688,2022-09-13 19:25:47,13,19,25,47,0.0,848.264,337.851,392.518,305.838,-0.016,-0.308,0.0,0.0,0.0,0.0,0.0,0.0,0.0,0.0,0.0,0.0,0.0,0.0,
689,2022-09-13 19:25:48,13,19,25,48,0.0,844.82,334.752,391.273,302.375,-0.004,-0.308,0.0,0.0,0.0,0.0,0.0,0.0,0.0,0.0,0.0,0.0,0.0,0.0,
690,2022-09-13 19:25:48,13,19,25,48,0.0,844.342,326.611,392.22,300.698,0.003,-0.338,0.0,0.0,0.0,0.0,0.0,0.0,0.0,0.0,0.0,0.0,0.0,0.0,
691,2022-09-13 19:25:49,13,19,25,49,0.0,845.182,329.593,394.088,303.707,0.009,-0.338,0.0,0.0,0.0,0.0,0.0,0.0,0.0,0.0,0.0,0.0,0.0,0.0,
692,2022-09-13 19:25:49,13,19,25,49,0.0,845.26,327.191,393.989,299.56,0.004,-0.33,0.0,0.0,0.0,0.0,0.0,0.0,0.0,0.0,0.0,0.0,0.0,0.0,
693,2022-09-13 19:25:50,13,19,25,50,0.0,845.954,331.557,393.428,297.981,0.0,-0.3,0.0,0.0,0.0,0.0,0.0,0.0,0.0,0.0,0.0,0.0,0.0,0.0,
694,2022-09-13 19:25:50,13,19,25,50,0.0,845.385,336.952,392.172,301.522,-0.05,-0.293,0.0,0.0,0.0,0.0,0.0,0.0,0.0,0.0,0.0,0.0,0.0,0.0,
695,2022-09-13 19:25:51,13,19,25,51,0.0,839.031,336.989,390.05,298.106,-0.029,-0.278,0.0,0.0,0.0,0.0,0.0,0.0,0.0,0.0,0.0,0.0,0.0,0.0,
696,2022-09-13 19:25:52,13,19,25,52,0.0,832.645,332.289,389.604,295.703,-0.003,-0.287,0.0,0.0,0.0,0.0,0.0,0.0,0.0,0.0,0.0,0.0,0.0,0.0,
697,2022-09-13 19:25:52,13,19,25,52,0.0,830.43,328.648,390.047,297.654,0.012,-0.314,0.0,0.0,0.0,0.0,0.0,0.0,0.0,0.0,0.0,0.0,0.0,0.0,
698,2022-09-13 19:25:53,13,19,25,53,0.0,830.017,318.038,391.838,290.691,0.019,-0.331,0.0,0.0,0.0,0.0,0.0,0.0,0.0,0.0,0.0,0.0,0.0,0.0,
699,2022-09-13 19:25:53,13,19,25,53,0.0,834.743,319.837,393.299,290.673,0.006,-0.322,0.0,0.0,0.0,0.0,0.0,0.0,0.0,0.0,0.0,0.0,0.0,0.0,
700,2022-09-13 19:25:54,13,19,25,54,0.0,836.549,325.299,395.349,293.307,0.007,-0.311,0.0,0.0,0.0,0.0,0.0,0.0,0.0,0.0,0.0,0.0,0.0,0.0,
701,2022-09-13 19:25:54,13,19,25,54,0.0,837.209,331.64,395.486,295.003,0.004,-0.29,0.0,0.0,0.0,0.0,0.0,0.0,0.0,0.0,0.0,0.0,0.0,0.0,
702,2022-09-13 19:25:55,13,19,25,55,0.0,838.072,335.321,396.268,278.789,0.004,-0.19,0.0,0.0,0.0,0.0,0.0,0.0,0.0,0.0,0.0,0.0,0.0,0.0,
703,2022-09-13 19:25:55,13,19,25,55,0.0,838.829,338.639,395.31,271.698,-0.004,-0.141,0.0,0.0,0.0,0.0,0.0,0.0,0.0,0.0,0.0,0.0,0.0,0.0,
704,2022-09-13 19:25:56,13,19,25,56,0.0,839.055,329.521,393.867,257.58,-0.015,-0.118,0.0,0.0,0.0,0.0,0.0,0.0,0.0,0.0,0.0,0.0,0.0,0.0,
705,2022-09-13 19:25:57,13,19,25,57,0.0,837.386,312.776,392.418,244.769,-0.011,-0.135,0.0,0.0,0.0,0.0,0.0,0.0,0.0,0.0,0.0,0.0,0.0,0.0,
706,2022-09-13 19:25:57,13,19,25,57,0.0,836.824,305.155,392.535,243.125,-0.057,-0.167,0.0,0.0,0.0,0.0,0.0,0.0,0.0,0.0,0.0,0.0,0.0,0.0,
707,2022-09-13 19:25:58,13,19,25,58,0.0,831.777,293.455,393.009,234.428,-0.028,-0.18,0.0,0.0,0.0,0.0,0.0,0.0,0.0,0.0,0.0,0.0,0.0,0.0,
708,2022-09-13 19:25:58,13,19,25,58,0.0,820.32,289.514,392.459,235.675,0.022,-0.204,0.0,0.0,0.0,0.0,0.0,0.0,0.0,0.0,0.0,0.0,0.0,0.0,
709,2022-09-13 19:25:59,13,19,25,59,0.0,818.568,282.614,392.779,232.8,0.031,-0.223,0.0,0.0,0.0,0.0,0.0,0.0,0.0,0.0,0.0,0.0,0.0,0.0,
710,2022-09-13 19:25:59,13,19,25,59,0.0,823.616,294.495,391.893,248.807,0.0,-0.242,0.0,0.0,0.0,0.0,0.0,0.0,0.0,0.0,0.0,0.0,0.0,0.0,
711,2022-09-13 19:26:00,13,19,26,0,0.0,825.846,310.696,390.462,263.228,-0.014,-0.237,0.0,0.0,0.0,0.0,0.0,0.0,0.0,0.0,0.0,0.0,0.0,0.0,
712,2022-09-13 19:26:01,13,19,26,1,0.0,825.84,324.036,388.991,281.17,-0.023,-0.259,0.0,0.0,0.0,0.0,0.0,0.0,0.0,0.0,0.0,0.0,0.0,0.0,
713,2022-09-13 19:26:01,13,19,26,1,0.0,821.311,324.817,388.295,287.578,0.0,-0.284,0.0,0.0,0.0,0.0,0.0,0.0,0.0,0.0,0.0,0.0,0.0,0.0,
714,2022-09-13 19:26:02,13,19,26,2,0.0,820.325,321.12,390.032,290.184,0.013,-0.316,0.0,0.0,0.0,0.0,0.0,0.0,0.0,0.0,0.0,0.0,0.0,0.0,
715,2022-09-13 19:26:02,13,19,26,2,0.0,822.008,322.59,392.235,293.168,0.014,-0.324,0.0,0.0,0.0,0.0,0.0,0.0,0.0,0.0,0.0,0.0,0.0,0.0,
716,2022-09-13 19:26:03,13,19,26,3,0.0,824.005,329.872,392.713,299.562,0.005,-0.317,0.0,0.0,0.0,0.0,0.0,0.0,0.0,0.0,0.0,0.0,0.0,0.0,
717,2022-09-13 19:26:03,13,19,26,3,0.0,825.119,336.404,389.904,297.581,-0.015,-0.276,0.0,0.0,0.0,0.0,0.0,0.0,0.0,0.0,0.0,0.0,0.0,0.0,
718,2022-09-13 19:26:04,13,19,26,4,0.0,823.785,339.052,387.653,301.834,-0.018,-0.283,0.0,0.0,0.0,0.0,0.0,0.0,0.0,0.0,0.0,0.0,0.0,0.0,
719,2022-09-13 19:26:05,13,19,26,5,0.0,820.085,341.997,385.957,304.088,-0.01,-0.283,0.0,0.0,0.0,0.0,0.0,0.0,0.0,0.0,0.0,0.0,0.0,0.0,
720,2022-09-13 19:26:05,13,19,26,5,0.0,817.62,341.383,383.77,307.39,-0.008,-0.301,0.0,0.0,0.0,0.0,0.0,0.0,0.0,0.0,0.0,0.0,0.0,0.0,
721,2022-09-13 19:26:06,13,19,26,6,0.0,817.006,340.738,383.192,310.023,-0.005,-0.318,0.0,0.0,0.0,0.0,0.0,0.0,0.0,0.0,0.0,0.0,0.0,0.0,
722,2022-09-13 19:26:06,13,19,26,6,0.0,816.248,332.899,385.011,307.985,0.008,-0.341,0.0,0.0,0.0,0.0,0.0,0.0,0.0,0.0,0.0,0.0,0.0,0.0,
723,2022-09-13 19:26:07,13,19,26,7,0.0,815.956,331.204,386.652,307.734,0.015,-0.349,0.0,0.0,0.0,0.0,0.0,0.0,0.0,0.0,0.0,0.0,0.0,0.0,
724,2022-09-13 19:26:07,13,19,26,7,0.0,818.568,337.461,388.355,310.761,0.012,-0.334,0.0,0.0,0.0,0.0,0.0,0.0,0.0,0.0,0.0,0.0,0.0,0.0,
725,2022-09-13 19:26:08,13,19,26,8,0.0,819.84,340.336,387.177,309.277,0.0,-0.315,0.0,0.0,0.0,0.0,0.0,0.0,0.0,0.0,0.0,0.0,0.0,0.0,
726,2022-09-13 19:26:09,13,19,26,9,0.0,820.621,340.006,386.42,305.854,-0.008,-0.298,0.0,0.0,0.0,0.0,0.0,0.0,0.0,0.0,0.0,0.0,0.0,0.0,
727,2022-09-13 19:26:09,13,19,26,9,0.0,820.262,345.887,384.877,308.713,-0.016,-0.284,0.0,0.0,0.0,0.0,0.0,0.0,0.0,0.0,0.0,0.0,0.0,0.0,
728,2022-09-13 19:26:10,13,19,26,10,0.0,817.8,347.393,383.389,314.159,-0.009,-0.305,0.0,0.0,0.0,0.0,0.0,0.0,0.0,0.0,0.0,0.0,0.0,0.0,
729,2022-09-13 19:26:10,13,19,26,10,0.0,816.421,338.472,383.068,309.305,0.0,-0.324,0.0,0.0,0.0,0.0,0.0,0.0,0.0,0.0,0.0,0.0,0.0,0.0,
730,2022-09-13 19:26:11,13,19,26,11,0.0,816.646,331.35,383.589,307.846,-0.003,-0.349,0.0,0.0,0.0,0.0,0.0,0.0,0.0,0.0,0.0,0.0,0.0,0.0,
731,2022-09-13 19:26:11,13,19,26,11,0.0,816.647,330.694,384.224,308.779,0.0,-0.357,0.0,0.0,0.0,0.0,0.0,0.0,0.0,0.0,0.0,0.0,0.0,0.0,
732,2022-09-13 19:26:12,13,19,26,12,0.0,815.588,331.109,384.254,306.844,0.007,-0.345,0.0,0.0,0.0,0.0,0.0,0.0,0.0,0.0,0.0,0.0,0.0,0.0,
733,2022-09-13 19:26:13,13,19,26,13,0.0,815.18,341.186,383.293,310.437,0.004,-0.316,0.0,0.0,0.0,0.0,0.0,0.0,0.0,0.0,0.0,0.0,0.0,0.0,
734,2022-09-13 19:26:13,13,19,26,13,0.0,815.699,344.057,381.508,313.095,-0.008,-0.317,0.0,0.0,0.0,0.0,0.0,0.0,0.0,0.0,0.0,0.0,0.0,0.0,
735,2022-09-13 19:26:14,13,19,26,14,0.0,815.192,346.889,379.504,314.711,-0.015,-0.308,0.0,0.0,0.0,0.0,0.0,0.0,0.0,0.0,0.0,0.0,0.0,0.0,
736,2022-09-13 19:26:14,13,19,26,14,0.0,812.896,347.42,377.267,313.249,-0.014,-0.3,0.0,0.0,0.0,0.0,0.0,0.0,0.0,0.0,0.0,0.0,0.0,0.0,
737,2022-09-13 19:26:15,13,19,26,15,0.0,811.151,342.1,376.651,313.96,-0.01,-0.326,0.0,0.0,0.0,0.0,0.0,0.0,0.0,0.0,0.0,0.0,0.0,0.0,
738,2022-09-13 19:26:15,13,19,26,15,0.0,808.547,332.724,376.929,308.577,0.0,-0.347,0.0,0.0,0.0,0.0,0.0,0.0,0.0,0.0,0.0,0.0,0.0,0.0,
739,2022-09-13 19:26:16,13,19,26,16,0.0,808.638,335.192,378.992,311.9,0.011,-0.349,0.0,0.0,0.0,0.0,0.0,0.0,0.0,0.0,0.0,0.0,0.0,0.0,
740,2022-09-13 19:26:17,13,19,26,17,0.0,807.198,336.109,379.674,311.066,0.023,-0.345,0.0,0.0,0.0,0.0,0.0,0.0,0.0,0.0,0.0,0.0,0.0,0.0,
741,2022-09-13 19:26:17,13,19,26,17,0.0,811.492,343.426,379.401,313.494,0.0,-0.32,0.0,0.0,0.0,0.0,0.0,0.0,0.0,0.0,0.0,0.0,0.0,0.0,
742,2022-09-13 19:26:18,13,19,26,18,0.0,813.431,348.488,378.238,317.412,-0.012,-0.314,0.0,0.0,0.0,0.0,0.0,0.0,0.0,0.0,0.0,0.0,0.0,0.0,
743,2022-09-13 19:26:18,13,19,26,18,0.0,811.862,348.678,377.091,316.711,-0.009,-0.309,0.0,0.0,0.0,0.0,0.0,0.0,0.0,0.0,0.0,0.0,0.0,0.0,
744,2022-09-13 19:26:19,13,19,26,19,0.0,810.023,345.935,375.897,314.4,-0.01,-0.312,0.0,0.0,0.0,0.0,0.0,0.0,0.0,0.0,0.0,0.0,0.0,0.0,
745,2022-09-13 19:26:19,13,19,26,19,0.0,809.559,342.492,374.848,315.043,-0.012,-0.334,0.0,0.0,0.0,0.0,0.0,0.0,0.0,0.0,0.0,0.0,0.0,0.0,
746,2022-09-13 19:26:20,13,19,26,20,0.0,807.785,337.021,375.734,316.447,0.0,-0.365,0.0,0.0,0.0,0.0,0.0,0.0,0.0,0.0,0.0,0.0,0.0,0.0,
747,2022-09-13 19:26:20,13,19,26,20,0.0,807.016,334.938,377.508,314.424,0.014,-0.365,0.0,0.0,0.0,0.0,0.0,0.0,0.0,0.0,0.0,0.0,0.0,0.0,
748,2022-09-13 19:26:21,13,19,26,21,0.0,806.735,341.352,378.089,318.162,0.02,-0.354,0.0,0.0,0.0,0.0,0.0,0.0,0.0,0.0,0.0,0.0,0.0,0.0,
749,2022-09-13 19:26:22,13,19,26,22,0.0,810.121,341.305,377.13,312.943,0.0,-0.325,0.0,0.0,0.0,0.0,0.0,0.0,0.0,0.0,0.0,0.0,0.0,0.0,
750,2022-09-13 19:26:22,13,19,26,22,0.0,811.945,348.454,377.059,319.989,-0.009,-0.324,0.0,0.0,0.0,0.0,0.0,0.0,0.0,0.0,0.0,0.0,0.0,0.0,
751,2022-09-13 19:26:23,13,19,26,23,0.0,811.267,350.644,373.343,319.722,-0.025,-0.314,0.0,0.0,0.0,0.0,0.0,0.0,0.0,0.0,0.0,0.0,0.0,0.0,
752,2022-09-13 19:26:23,13,19,26,23,0.0,807.463,352.28,372.536,324.714,-0.012,-0.33,0.0,0.0,0.0,0.0,0.0,0.0,0.0,0.0,0.0,0.0,0.0,0.0,
753,2022-09-13 19:26:24,13,19,26,24,0.0,805.092,345.456,370.79,319.869,-0.01,-0.339,0.0,0.0,0.0,0.0,0.0,0.0,0.0,0.0,0.0,0.0,0.0,0.0,
754,2022-09-13 19:26:24,13,19,26,24,0.0,803.201,337.886,370.559,316.431,0.0,-0.361,0.0,0.0,0.0,0.0,0.0,0.0,0.0,0.0,0.0,0.0,0.0,0.0,
755,2022-09-13 19:26:25,13,19,26,25,0.0,802.327,336.311,371.441,317.464,0.008,-0.373,0.0,0.0,0.0,0.0,0.0,0.0,0.0,0.0,0.0,0.0,0.0,0.0,
756,2022-09-13 19:26:26,13,19,26,26,0.0,801.703,340.367,371.28,315.51,0.011,-0.344,0.0,0.0,0.0,0.0,0.0,0.0,0.0,0.0,0.0,0.0,0.0,0.0,
757,2022-09-13 19:26:26,13,19,26,26,0.0,803.53,351.252,369.603,323.568,-0.007,-0.33,0.0,0.0,0.0,0.0,0.0,0.0,0.0,0.0,0.0,0.0,0.0,0.0,
758,2022-09-13 19:26:27,13,19,26,27,0.0,803.758,349.655,367.863,320.977,-0.018,-0.323,0.0,0.0,0.0,0.0,0.0,0.0,0.0,0.0,0.0,0.0,0.0,0.0,
759,2022-09-13 19:26:27,13,19,26,27,0.0,801.503,350.642,366.444,318.276,-0.012,-0.309,0.0,0.0,0.0,0.0,0.0,0.0,0.0,0.0,0.0,0.0,0.0,0.0,
760,2022-09-13 19:26:28,13,19,26,28,0.0,798.163,350.602,364.391,320.593,-0.006,-0.319,0.0,0.0,0.0,0.0,0.0,0.0,0.0,0.0,0.0,0.0,0.0,0.0,
761,2022-09-13 19:26:28,13,19,26,28,0.0,797.045,345.357,364.307,321.288,0.0,-0.349,0.0,0.0,0.0,0.0,0.0,0.0,0.0,0.0,0.0,0.0,0.0,0.0,
762,2022-09-13 19:26:29,13,19,26,29,0.0,796.731,338.923,365.886,320.039,0.006,-0.375,0.0,0.0,0.0,0.0,0.0,0.0,0.0,0.0,0.0,0.0,0.0,0.0,
763,2022-09-13 19:26:30,13,19,26,30,0.0,797.415,341.96,367.511,323.726,0.012,-0.375,0.0,0.0,0.0,0.0,0.0,0.0,0.0,0.0,0.0,0.0,0.0,0.0,
764,2022-09-13 19:26:30,13,19,26,30,0.0,798.834,342.146,368.761,320.66,0.01,-0.359,0.0,0.0,0.0,0.0,0.0,0.0,0.0,0.0,0.0,0.0,0.0,0.0,
765,2022-09-13 19:26:31,13,19,26,31,0.0,799.626,350.014,369.591,323.809,0.011,-0.336,0.0,0.0,0.0,0.0,0.0,0.0,0.0,0.0,0.0,0.0,0.0,0.0,
766,2022-09-13 19:26:31,13,19,26,31,0.0,802.447,349.495,370.277,322.15,0.0,-0.334,0.0,0.0,0.0,0.0,0.0,0.0,0.0,0.0,0.0,0.0,0.0,0.0,
767,2022-09-13 19:26:32,13,19,26,32,0.0,803.341,350.474,369.705,319.291,-0.006,-0.315,0.0,0.0,0.0,0.0,0.0,0.0,0.0,0.0,0.0,0.0,0.0,0.0,
768,2022-09-13 19:26:32,13,19,26,32,0.0,802.512,349.17,368.671,321.625,-0.007,-0.33,0.0,0.0,0.0,0.0,0.0,0.0,0.0,0.0,0.0,0.0,0.0,0.0,
769,2022-09-13 19:26:33,13,19,26,33,0.0,802.139,349.757,369.279,324.239,0.0,-0.342,0.0,0.0,0.0,0.0,0.0,0.0,0.0,0.0,0.0,0.0,0.0,0.0,
770,2022-09-13 19:26:34,13,19,26,34,0.0,802.176,341.687,371.26,319.98,0.009,-0.357,0.0,0.0,0.0,0.0,0.0,0.0,0.0,0.0,0.0,0.0,0.0,0.0,
771,2022-09-13 19:26:34,13,19,26,34,0.0,803.344,342.779,373.578,322.325,0.013,-0.366,0.0,0.0,0.0,0.0,0.0,0.0,0.0,0.0,0.0,0.0,0.0,0.0,
772,2022-09-13 19:26:35,13,19,26,35,0.0,804.932,346.555,375.241,321.432,0.015,-0.343,0.0,0.0,0.0,0.0,0.0,0.0,0.0,0.0,0.0,0.0,0.0,0.0,
773,2022-09-13 19:26:35,13,19,26,35,0.0,807.197,349.146,375.379,319.071,0.004,-0.321,0.0,0.0,0.0,0.0,0.0,0.0,0.0,0.0,0.0,0.0,0.0,0.0,
774,2022-09-13 19:26:36,13,19,26,36,0.0,808.298,356.022,374.857,324.434,-0.006,-0.312,0.0,0.0,0.0,0.0,0.0,0.0,0.0,0.0,0.0,0.0,0.0,0.0,
775,2022-09-13 19:26:36,13,19,26,36,0.0,808.412,351.994,374.185,323.005,-0.007,-0.326,0.0,0.0,0.0,0.0,0.0,0.0,0.0,0.0,0.0,0.0,0.0,0.0,
776,2022-09-13 19:26:37,13,19,26,37,0.0,806.428,348.912,373.895,322.441,0.0,-0.336,0.0,0.0,0.0,0.0,0.0,0.0,0.0,0.0,0.0,0.0,0.0,0.0,
777,2022-09-13 19:26:38,13,19,26,38,0.0,806.269,345.81,374.2,323.332,0.004,-0.356,0.0,0.0,0.0,0.0,0.0,0.0,0.0,0.0,0.0,0.0,0.0,0.0,
778,2022-09-13 19:26:38,13,19,26,38,0.0,806.751,339.145,376.694,321.318,0.011,-0.379,0.0,0.0,0.0,0.0,0.0,0.0,0.0,0.0,0.0,0.0,0.0,0.0,
779,2022-09-13 19:26:39,13,19,26,39,0.0,809.282,341.738,379.446,325.234,0.013,-0.385,0.0,0.0,0.0,0.0,0.0,0.0,0.0,0.0,0.0,0.0,0.0,0.0,
780,2022-09-13 19:26:39,13,19,26,39,0.0,811.263,347.003,381.111,325.291,0.013,-0.36,0.0,0.0,0.0,0.0,0.0,0.0,0.0,0.0,0.0,0.0,0.0,0.0,
781,2022-09-13 19:26:40,13,19,26,40,0.0,812.24,353.537,380.177,327.999,0.004,-0.338,0.0,0.0,0.0,0.0,0.0,0.0,0.0,0.0,0.0,0.0,0.0,0.0,
782,2022-09-13 19:26:40,13,19,26,40,0.0,814.242,353.46,379.405,327.93,-0.011,-0.339,0.0,0.0,0.0,0.0,0.0,0.0,0.0,0.0,0.0,0.0,0.0,0.0,
783,2022-09-13 19:26:41,13,19,26,41,0.0,814.505,353.652,378.11,325.487,-0.017,-0.328,0.0,0.0,0.0,0.0,0.0,0.0,0.0,0.0,0.0,0.0,0.0,0.0,
784,2022-09-13 19:26:42,13,19,26,42,0.0,810.919,352.455,376.67,326.474,-0.009,-0.339,0.0,0.0,0.0,0.0,0.0,0.0,0.0,0.0,0.0,0.0,0.0,0.0,
785,2022-09-13 19:26:42,13,19,26,42,0.0,808.915,346.25,375.635,323.787,-0.004,-0.354,0.0,0.0,0.0,0.0,0.0,0.0,0.0,0.0,0.0,0.0,0.0,0.0,
786,2022-09-13 19:26:43,13,19,26,43,0.0,808.53,336.945,376.567,320.034,0.0,-0.384,0.0,0.0,0.0,0.0,0.0,0.0,0.0,0.0,0.0,0.0,0.0,0.0,
787,2022-09-13 19:26:43,13,19,26,43,0.0,808.306,339.706,378.657,320.843,0.013,-0.371,0.0,0.0,0.0,0.0,0.0,0.0,0.0,0.0,0.0,0.0,0.0,0.0,
788,2022-09-13 19:26:44,13,19,26,44,0.0,808.772,341.296,379.625,320.839,0.015,-0.363,0.0,0.0,0.0,0.0,0.0,0.0,0.0,0.0,0.0,0.0,0.0,0.0,
789,2022-09-13 19:26:44,13,19,26,44,0.0,810.245,346.965,378.923,320.073,0.004,-0.336,0.0,0.0,0.0,0.0,0.0,0.0,0.0,0.0,0.0,0.0,0.0,0.0,
790,2022-09-13 19:26:45,13,19,26,45,0.0,812.127,353.21,378.538,326.536,-0.005,-0.335,0.0,0.0,0.0,0.0,0.0,0.0,0.0,0.0,0.0,0.0,0.0,0.0,
791,2022-09-13 19:26:46,13,19,26,46,0.0,812.675,350.02,378.107,321.222,-0.008,-0.326,0.0,0.0,0.0,0.0,0.0,0.0,0.0,0.0,0.0,0.0,0.0,0.0,
792,2022-09-13 19:26:46,13,19,26,46,0.0,810.713,352.172,378.252,326.652,0.0,-0.34,0.0,0.0,0.0,0.0,0.0,0.0,0.0,0.0,0.0,0.0,0.0,0.0,
793,2022-09-13 19:26:47,13,19,26,47,0.0,810.24,348.471,379.211,325.798,0.008,-0.353,0.0,0.0,0.0,0.0,0.0,0.0,0.0,0.0,0.0,0.0,0.0,0.0,
794,2022-09-13 19:26:47,13,19,26,47,0.0,811.233,338.32,382.237,320.134,0.018,-0.378,0.0,0.0,0.0,0.0,0.0,0.0,0.0,0.0,0.0,0.0,0.0,0.0,
795,2022-09-13 19:26:48,13,19,26,48,0.0,814.944,339.607,385.92,321.792,0.015,-0.376,0.0,0.0,0.0,0.0,0.0,0.0,0.0,0.0,0.0,0.0,0.0,0.0,
796,2022-09-13 19:26:48,13,19,26,48,0.0,817.298,345.912,388.455,323.858,0.018,-0.356,0.0,0.0,0.0,0.0,0.0,0.0,0.0,0.0,0.0,0.0,0.0,0.0,
797,2022-09-13 19:26:49,13,19,26,49,0.0,820.147,353.658,389.278,325.954,0.009,-0.328,0.0,0.0,0.0,0.0,0.0,0.0,0.0,0.0,0.0,0.0,0.0,0.0,
798,2022-09-13 19:26:49,13,19,26,49,0.0,823.18,351.322,390.08,324.999,0.0,-0.334,0.0,0.0,0.0,0.0,0.0,0.0,0.0,0.0,0.0,0.0,0.0,0.0,
799,2022-09-13 19:26:50,13,19,26,50,0.0,824.268,355.399,390.328,326.651,0.042,-0.324,0.0,0.0,0.0,0.0,0.0,0.0,0.0,0.0,0.0,0.0,0.0,0.0,
800,2022-09-13 19:26:51,13,19,26,51,0.0,827.738,353.953,390.602,327.766,0.025,-0.336,0.0,0.0,0.0,0.0,0.0,0.0,0.0,0.0,0.0,0.0,0.0,0.0,
801,2022-09-13 19:26:51,13,19,26,51,0.0,835.908,348.086,392.063,325.466,-0.004,-0.355,0.0,0.0,0.0,0.0,0.0,0.0,0.0,0.0,0.0,0.0,0.0,0.0,
802,2022-09-13 19:26:52,13,19,26,52,0.0,838.639,342.779,395.647,325.058,-0.003,-0.38,0.0,0.0,0.0,0.0,0.0,0.0,0.0,0.0,0.0,0.0,0.0,0.0,
803,2022-09-13 19:26:52,13,19,26,52,0.0,838.332,339.59,399.082,322.453,0.018,-0.381,0.0,0.0,0.0,0.0,0.0,0.0,0.0,0.0,0.0,0.0,0.0,0.0,
804,2022-09-13 19:26:53,13,19,26,53,0.0,839.411,346.401,401.833,324.598,0.022,-0.358,0.0,0.0,0.0,0.0,0.0,0.0,0.0,0.0,0.0,0.0,0.0,0.0,
805,2022-09-13 19:26:53,13,19,26,53,0.0,842.347,353.521,403.755,324.957,0.018,-0.324,0.0,0.0,0.0,0.0,0.0,0.0,0.0,0.0,0.0,0.0,0.0,0.0,
806,2022-09-13 19:26:54,13,19,26,54,0.0,845.415,357.493,404.777,328.711,0.008,-0.324,0.0,0.0,0.0,0.0,0.0,0.0,0.0,0.0,0.0,0.0,0.0,0.0,
807,2022-09-13 19:26:55,13,19,26,55,0.0,848.517,358.502,404.986,328.291,-0.007,-0.319,0.0,0.0,0.0,0.0,0.0,0.0,0.0,0.0,0.0,0.0,0.0,0.0,
808,2022-09-13 19:26:55,13,19,26,55,0.0,849.211,354.91,404.905,324.527,-0.011,-0.317,0.0,0.0,0.0,0.0,0.0,0.0,0.0,0.0,0.0,0.0,0.0,0.0,
809,2022-09-13 19:26:56,13,19,26,56,0.0,847.115,352.464,405.692,328.181,0.004,-0.348,0.0,0.0,0.0,0.0,0.0,0.0,0.0,0.0,0.0,0.0,0.0,0.0,
810,2022-09-13 19:26:56,13,19,26,56,0.0,847.9,345.132,408.746,324.927,0.015,-0.364,0.0,0.0,0.0,0.0,0.0,0.0,0.0,0.0,0.0,0.0,0.0,0.0,
811,2022-09-13 19:26:57,13,19,26,57,0.0,849.581,343.405,411.138,321.869,0.021,-0.358,0.0,0.0,0.0,0.0,0.0,0.0,0.0,0.0,0.0,0.0,0.0,0.0,
812,2022-09-13 19:26:57,13,19,26,57,0.0,852.895,350.416,412.387,324.389,0.01,-0.339,0.0,0.0,0.0,0.0,0.0,0.0,0.0,0.0,0.0,0.0,0.0,0.0,
813,2022-09-13 19:26:58,13,19,26,58,0.0,854.679,350.862,411.318,323.81,-0.003,-0.332,0.0,0.0,0.0,0.0,0.0,0.0,0.0,0.0,0.0,0.0,0.0,0.0,
814,2022-09-13 19:26:59,13,19,26,59,0.0,856.102,354.517,410.181,324.34,-0.015,-0.319,0.0,0.0,0.0,0.0,0.0,0.0,0.0,0.0,0.0,0.0,0.0,0.0,
815,2022-09-13 19:26:59,13,19,26,59,0.0,853.675,354.924,408.342,323.875,-0.013,-0.312,0.0,0.0,0.0,0.0,0.0,0.0,0.0,0.0,0.0,0.0,0.0,0.0,
816,2022-09-13 19:27:00,13,19,27,0,0.0,851.47,349.766,407.381,321.17,-0.007,-0.328,0.0,0.0,0.0,0.0,0.0,0.0,0.0,0.0,0.0,0.0,0.0,0.0,
817,2022-09-13 19:27:00,13,19,27,0,0.0,850.015,344.778,407.68,321.748,0.0,-0.351,0.0,0.0,0.0,0.0,0.0,0.0,0.0,0.0,0.0,0.0,0.0,0.0,
818,2022-09-13 19:27:01,13,19,27,1,0.0,850.002,343.056,409.528,322.601,0.01,-0.365,0.0,0.0,0.0,0.0,0.0,0.0,0.0,0.0,0.0,0.0,0.0,0.0,
819,2022-09-13 19:27:01,13,19,27,1,0.0,850.999,339.13,412.501,319.27,0.019,-0.369,0.0,0.0,0.0,0.0,0.0,0.0,0.0,0.0,0.0,0.0,0.0,0.0,
820,2022-09-13 19:27:02,13,19,27,2,0.0,853.821,341.881,414.364,319.259,0.015,-0.356,0.0,0.0,0.0,0.0,0.0,0.0,0.0,0.0,0.0,0.0,0.0,0.0,
821,2022-09-13 19:27:03,13,19,27,3,0.0,855.396,347.986,414.787,321.525,0.008,-0.336,0.0,0.0,0.0,0.0,0.0,0.0,0.0,0.0,0.0,0.0,0.0,0.0,
822,2022-09-13 19:27:03,13,19,27,3,0.0,857.787,349.967,414.432,321.98,-0.004,-0.327,0.0,0.0,0.0,0.0,0.0,0.0,0.0,0.0,0.0,0.0,0.0,0.0,
823,2022-09-13 19:27:04,13,19,27,4,0.0,859.266,353.363,413.266,321.04,-0.016,-0.31,0.0,0.0,0.0,0.0,0.0,0.0,0.0,0.0,0.0,0.0,0.0,0.0,
824,2022-09-13 19:27:04,13,19,27,4,0.0,856.796,353.5,412.195,323.566,-0.009,-0.319,0.0,0.0,0.0,0.0,0.0,0.0,0.0,0.0,0.0,0.0,0.0,0.0,
825,2022-09-13 19:27:05,13,19,27,5,0.0,854.787,346.329,411.922,319.632,-0.004,-0.334,0.0,0.0,0.0,0.0,0.0,0.0,0.0,0.0,0.0,0.0,0.0,0.0,
826,2022-09-13 19:27:05,13,19,27,5,0.0,854.773,341.307,412.24,318.742,0.0,-0.354,0.0,0.0,0.0,0.0,0.0,0.0,0.0,0.0,0.0,0.0,0.0,0.0,
827,2022-09-13 19:27:06,13,19,27,6,0.0,854.301,342.116,413.351,321.46,0.008,-0.364,0.0,0.0,0.0,0.0,0.0,0.0,0.0,0.0,0.0,0.0,0.0,0.0,
828,2022-09-13 19:27:07,13,19,27,7,0.0,855.122,343.015,413.687,320.567,0.004,-0.355,0.0,0.0,0.0,0.0,0.0,0.0,0.0,0.0,0.0,0.0,0.0,0.0,
829,2022-09-13 19:27:07,13,19,27,7,0.0,855.474,350.079,412.353,322.612,0.0,-0.331,0.0,0.0,0.0,0.0,0.0,0.0,0.0,0.0,0.0,0.0,0.0,0.0,
830,2022-09-13 19:27:08,13,19,27,8,0.0,855.574,349.486,411.096,319.972,-0.008,-0.319,0.0,0.0,0.0,0.0,0.0,0.0,0.0,0.0,0.0,0.0,0.0,0.0,
831,2022-09-13 19:27:08,13,19,27,8,0.0,855.177,353.637,409.68,322.508,-0.015,-0.314,0.0,0.0,0.0,0.0,0.0,0.0,0.0,0.0,0.0,0.0,0.0,0.0,
832,2022-09-13 19:27:09,13,19,27,9,0.0,852.487,348.607,408.429,321.69,-0.007,-0.333,0.0,0.0,0.0,0.0,0.0,0.0,0.0,0.0,0.0,0.0,0.0,0.0,
833,2022-09-13 19:27:09,13,19,27,9,0.0,851.411,347.202,408.271,320.351,0.0,-0.335,0.0,0.0,0.0,0.0,0.0,0.0,0.0,0.0,0.0,0.0,0.0,0.0,
834,2022-09-13 19:27:10,13,19,27,10,0.0,850.771,336.464,410.28,313.483,0.011,-0.353,0.0,0.0,0.0,0.0,0.0,0.0,0.0,0.0,0.0,0.0,0.0,0.0,
835,2022-09-13 19:27:11,13,19,27,11,0.0,851.944,338.578,412.882,318.749,0.015,-0.367,0.0,0.0,0.0,0.0,0.0,0.0,0.0,0.0,0.0,0.0,0.0,0.0,
836,2022-09-13 19:27:11,13,19,27,11,0.0,854.144,340.868,414.37,316.388,0.014,-0.346,0.0,0.0,0.0,0.0,0.0,0.0,0.0,0.0,0.0,0.0,0.0,0.0,
837,2022-09-13 19:27:12,13,19,27,12,0.0,856.395,348.288,413.496,319.048,0.0,-0.325,0.0,0.0,0.0,0.0,0.0,0.0,0.0,0.0,0.0,0.0,0.0,0.0,
838,2022-09-13 19:27:12,13,19,27,12,0.0,857.169,349.374,412.776,321.379,-0.01,-0.329,0.0,0.0,0.0,0.0,0.0,0.0,0.0,0.0,0.0,0.0,0.0,0.0,
839,2022-09-13 19:27:13,13,19,27,13,0.0,856.294,347.367,411.213,313.791,-0.011,-0.301,0.0,0.0,0.0,0.0,0.0,0.0,0.0,0.0,0.0,0.0,0.0,0.0,
840,2022-09-13 19:27:13,13,19,27,13,0.0,853.965,348.947,409.327,319.084,-0.009,-0.322,0.0,0.0,0.0,0.0,0.0,0.0,0.0,0.0,0.0,0.0,0.0,0.0,
841,2022-09-13 19:27:14,13,19,27,14,0.0,853.287,344.322,408.233,317.398,-0.011,-0.334,0.0,0.0,0.0,0.0,0.0,0.0,0.0,0.0,0.0,0.0,0.0,0.0,
842,2022-09-13 19:27:14,13,19,27,14,0.0,851.503,339.173,409.339,315.661,0.0,-0.35,0.0,0.0,0.0,0.0,0.0,0.0,0.0,0.0,0.0,0.0,0.0,0.0,
843,2022-09-13 19:27:15,13,19,27,15,0.0,851.381,337.262,410.985,315.615,0.008,-0.359,0.0,0.0,0.0,0.0,0.0,0.0,0.0,0.0,0.0,0.0,0.0,0.0,
844,2022-09-13 19:27:16,13,19,27,16,0.0,851.29,339.268,411.174,315.116,0.013,-0.349,0.0,0.0,0.0,0.0,0.0,0.0,0.0,0.0,0.0,0.0,0.0,0.0,
845,2022-09-13 19:27:16,13,19,27,16,0.0,852.853,344.631,409.7,313.519,-0.004,-0.314,0.0,0.0,0.0,0.0,0.0,0.0,0.0,0.0,0.0,0.0,0.0,0.0,
846,2022-09-13 19:27:17,13,19,27,17,0.0,853.506,348.516,408.71,319.366,-0.012,-0.324,0.0,0.0,0.0,0.0,0.0,0.0,0.0,0.0,0.0,0.0,0.0,0.0,
847,2022-09-13 19:27:17,13,19,27,17,0.0,851.357,347.644,407.023,313.907,-0.007,-0.299,0.0,0.0,0.0,0.0,0.0,0.0,0.0,0.0,0.0,0.0,0.0,0.0,
848,2022-09-13 19:27:18,13,19,27,18,0.0,850.092,348.344,404.866,319.38,-0.015,-0.325,0.0,0.0,0.0,0.0,0.0,0.0,0.0,0.0,0.0,0.0,0.0,0.0,
849,2022-09-13 19:27:18,13,19,27,18,0.0,848.57,341.263,403.522,314.798,-0.012,-0.335,0.0,0.0,0.0,0.0,0.0,0.0,0.0,0.0,0.0,0.0,0.0,0.0,
850,2022-09-13 19:27:19,13,19,27,19,0.0,846.483,338.132,403.934,316.557,0.0,-0.359,0.0,0.0,0.0,0.0,0.0,0.0,0.0,0.0,0.0,0.0,0.0,0.0,
851,2022-09-13 19:27:20,13,19,27,20,0.0,845.614,336.776,405.263,314.947,0.011,-0.356,0.0,0.0,0.0,0.0,0.0,0.0,0.0,0.0,0.0,0.0,0.0,0.0,
852,2022-09-13 19:27:20,13,19,27,20,0.0,845.136,337.49,405.478,312.998,0.014,-0.343,0.0,0.0,0.0,0.0,0.0,0.0,0.0,0.0,0.0,0.0,0.0,0.0,
853,2022-09-13 19:27:21,13,19,27,21,0.0,846.77,346.088,404.999,317.059,0.0,-0.326,0.0,0.0,0.0,0.0,0.0,0.0,0.0,0.0,0.0,0.0,0.0,0.0,
854,2022-09-13 19:27:21,13,19,27,21,0.0,848.33,344.686,404.202,313.466,-0.006,-0.314,0.0,0.0,0.0,0.0,0.0,0.0,0.0,0.0,0.0,0.0,0.0,0.0,
855,2022-09-13 19:27:22,13,19,27,22,0.0,848.07,348.599,402.327,313.178,-0.015,-0.295,0.0,0.0,0.0,0.0,0.0,0.0,0.0,0.0,0.0,0.0,0.0,0.0,
856,2022-09-13 19:27:22,13,19,27,22,0.0,845.947,344.456,401.211,313.822,-0.009,-0.315,0.0,0.0,0.0,0.0,0.0,0.0,0.0,0.0,0.0,0.0,0.0,0.0,
857,2022-09-13 19:27:23,13,19,27,23,0.0,844.65,336.502,401.312,307.635,-0.003,-0.324,0.0,0.0,0.0,0.0,0.0,0.0,0.0,0.0,0.0,0.0,0.0,0.0,
858,2022-09-13 19:27:24,13,19,27,24,0.0,843.663,332.908,402.661,310.638,0.006,-0.356,0.0,0.0,0.0,0.0,0.0,0.0,0.0,0.0,0.0,0.0,0.0,0.0,
859,2022-09-13 19:27:24,13,19,27,24,0.0,843.789,332.981,404.418,311.182,0.015,-0.36,0.0,0.0,0.0,0.0,0.0,0.0,0.0,0.0,0.0,0.0,0.0,0.0,
860,2022-09-13 19:27:25,13,19,27,25,0.0,845.164,337.914,406.304,310.638,0.018,-0.332,0.0,0.0,0.0,0.0,0.0,0.0,0.0,0.0,0.0,0.0,0.0,0.0,
861,2022-09-13 19:27:25,13,19,27,25,0.0,848.296,341.74,406.337,310.446,0.003,-0.313,0.0,0.0,0.0,0.0,0.0,0.0,0.0,0.0,0.0,0.0,0.0,0.0,
862,2022-09-13 19:27:26,13,19,27,26,0.0,849.732,346.154,405.952,313.596,-0.008,-0.306,0.0,0.0,0.0,0.0,0.0,0.0,0.0,0.0,0.0,0.0,0.0,0.0,
863,2022-09-13 19:27:26,13,19,27,26,0.0,850.598,349.155,404.071,315.775,-0.017,-0.302,0.0,0.0,0.0,0.0,0.0,0.0,0.0,0.0,0.0,0.0,0.0,0.0,
864,2022-09-13 19:27:27,13,19,27,27,0.0,846.493,347.183,402.406,314.91,-0.007,-0.306,0.0,0.0,0.0,0.0,0.0,0.0,0.0,0.0,0.0,0.0,0.0,0.0,
865,2022-09-13 19:27:28,13,19,27,28,0.0,845.157,341.746,401.789,313.665,-0.006,-0.328,0.0,0.0,0.0,0.0,0.0,0.0,0.0,0.0,0.0,0.0,0.0,0.0,
866,2022-09-13 19:27:28,13,19,27,28,0.0,844.999,335.117,402.941,310.264,0.0,-0.345,0.0,0.0,0.0,0.0,0.0,0.0,0.0,0.0,0.0,0.0,0.0,0.0,
867,2022-09-13 19:27:29,13,19,27,29,0.0,844.522,336.323,404.237,312.591,0.012,-0.349,0.0,0.0,0.0,0.0,0.0,0.0,0.0,0.0,0.0,0.0,0.0,0.0,
868,2022-09-13 19:27:29,13,19,27,29,0.0,844.711,341.442,405.159,316.69,0.016,-0.343,0.0,0.0,0.0,0.0,0.0,0.0,0.0,0.0,0.0,0.0,0.0,0.0,
869,2022-09-13 19:27:30,13,19,27,30,0.0,846.621,345.45,404.104,314.71,0.0,-0.315,0.0,0.0,0.0,0.0,0.0,0.0,0.0,0.0,0.0,0.0,0.0,0.0,
870,2022-09-13 19:27:30,13,19,27,30,0.0,848.225,346.585,402.158,313.5,-0.015,-0.304,0.0,0.0,0.0,0.0,0.0,0.0,0.0,0.0,0.0,0.0,0.0,0.0,
871,2022-09-13 19:27:31,13,19,27,31,0.0,846.813,348.096,400.285,312.102,-0.018,-0.292,0.0,0.0,0.0,0.0,0.0,0.0,0.0,0.0,0.0,0.0,0.0,0.0,
872,2022-09-13 19:27:32,13,19,27,32,0.0,843.677,346.599,398.867,313.377,-0.013,-0.304,0.0,0.0,0.0,0.0,0.0,0.0,0.0,0.0,0.0,0.0,0.0,0.0,
873,2022-09-13 19:27:32,13,19,27,32,0.0,841.146,342.31,398.276,312.854,0.0,-0.32,0.0,0.0,0.0,0.0,0.0,0.0,0.0,0.0,0.0,0.0,0.0,0.0,
874,2022-09-13 19:27:33,13,19,27,33,0.0,839.903,336.525,399.367,310.85,0.01,-0.338,0.0,0.0,0.0,0.0,0.0,0.0,0.0,0.0,0.0,0.0,0.0,0.0,
875,2022-09-13 19:27:33,13,19,27,33,0.0,840.22,336.053,401.602,312.426,0.018,-0.35,0.0,0.0,0.0,0.0,0.0,0.0,0.0,0.0,0.0,0.0,0.0,0.0,
876,2022-09-13 19:27:34,13,19,27,34,0.0,843.318,337.878,402.396,310.987,0.008,-0.332,0.0,0.0,0.0,0.0,0.0,0.0,0.0,0.0,0.0,0.0,0.0,0.0,
877,2022-09-13 19:27:34,13,19,27,34,0.0,845.358,342.728,401.076,313.173,-0.007,-0.323,0.0,0.0,0.0,0.0,0.0,0.0,0.0,0.0,0.0,0.0,0.0,0.0,
878,2022-09-13 19:27:35,13,19,27,35,0.0,845.371,342.724,399.991,309.244,-0.016,-0.304,0.0,0.0,0.0,0.0,0.0,0.0,0.0,0.0,0.0,0.0,0.0,0.0,
879,2022-09-13 19:27:36,13,19,27,36,0.0,842.966,346.068,398.183,312.437,-0.009,-0.302,0.0,0.0,0.0,0.0,0.0,0.0,0.0,0.0,0.0,0.0,0.0,0.0,
880,2022-09-13 19:27:36,13,19,27,36,0.0,841.491,343.176,396.244,310.427,-0.012,-0.306,0.0,0.0,0.0,0.0,0.0,0.0,0.0,0.0,0.0,0.0,0.0,0.0,
881,2022-09-13 19:27:37,13,19,27,37,0.0,840.462,340.318,394.882,311.612,-0.017,-0.325,0.0,0.0,0.0,0.0,0.0,0.0,0.0,0.0,0.0,0.0,0.0,0.0,
882,2022-09-13 19:27:37,13,19,27,37,0.0,836.921,335.8,395.606,309.418,0.005,-0.337,0.0,0.0,0.0,0.0,0.0,0.0,0.0,0.0,0.0,0.0,0.0,0.0,
883,2022-09-13 19:27:38,13,19,27,38,0.0,835.861,331.544,396.995,309.485,0.015,-0.357,0.0,0.0,0.0,0.0,0.0,0.0,0.0,0.0,0.0,0.0,0.0,0.0,
884,2022-09-13 19:27:38,13,19,27,38,0.0,837.79,338.248,397.368,312.5,0.011,-0.34,0.0,0.0,0.0,0.0,0.0,0.0,0.0,0.0,0.0,0.0,0.0,0.0,
885,2022-09-13 19:27:39,13,19,27,39,0.0,839.647,343.546,395.822,311.589,-0.008,-0.309,0.0,0.0,0.0,0.0,0.0,0.0,0.0,0.0,0.0,0.0,0.0,0.0,
886,2022-09-13 19:27:40,13,19,27,40,0.0,839.788,348.192,395.362,314.4,-0.009,-0.301,0.0,0.0,0.0,0.0,0.0,0.0,0.0,0.0,0.0,0.0,0.0,0.0,
887,2022-09-13 19:27:40,13,19,27,40,0.0,838.622,347.977,394.125,313.36,-0.008,-0.298,0.0,0.0,0.0,0.0,0.0,0.0,0.0,0.0,0.0,0.0,0.0,0.0,
888,2022-09-13 19:27:41,13,19,27,41,0.0,836.724,346.581,393.084,312.271,-0.003,-0.348,0.0,0.0,0.0,0.0,0.0,0.0,0.0,0.0,0.0,0.0,0.0,0.0,
889,2022-09-13 19:27:41,13,19,27,41,0.0,836.424,335.295,393.494,304.951,0.0,-0.363,0.0,0.0,0.0,0.0,0.0,0.0,0.0,0.0,0.0,0.0,0.0,0.0,
890,2022-09-13 19:27:42,13,19,27,42,0.0,836.12,332.25,394.744,304.151,0.004,-0.378,0.0,0.0,0.0,0.0,0.0,0.0,0.0,0.0,0.0,0.0,0.0,0.0,
891,2022-09-13 19:27:42,13,19,27,42,0.0,836.714,337.08,396.888,308.538,0.011,-0.374,0.0,0.0,0.0,0.0,0.0,0.0,0.0,0.0,0.0,0.0,0.0,0.0,
892,2022-09-13 19:27:43,13,19,27,43,0.0,837.613,344.709,397.976,310.51,0.011,-0.347,0.0,0.0,0.0,0.0,0.0,0.0,0.0,0.0,0.0,0.0,0.0,0.0,
893,2022-09-13 19:27:43,13,19,27,43,0.0,839.45,352.017,397.869,309.989,0.0,-0.307,0.0,0.0,0.0,0.0,0.0,0.0,0.0,0.0,0.0,0.0,0.0,0.0,
894,2022-09-13 19:27:44,13,19,27,44,0.0,839.812,351.009,397.142,308.844,0.0,-0.307,0.0,0.0,0.0,0.0,0.0,0.0,0.0,0.0,0.0,0.0,0.0,0.0,
895,2022-09-13 19:27:45,13,19,27,45,0.0,840.101,355.183,395.771,308.489,-0.01,-0.287,0.0,0.0,0.0,0.0,0.0,0.0,0.0,0.0,0.0,0.0,0.0,0.0,
896,2022-09-13 19:27:45,13,19,27,45,0.0,839.054,356.6,393.86,313.469,-0.015,-0.304,0.0,0.0,0.0,0.0,0.0,0.0,0.0,0.0,0.0,0.0,0.0,0.0,
897,2022-09-13 19:27:46,13,19,27,46,0.0,837.652,348.05,393.181,309.807,-0.008,-0.326,0.0,0.0,0.0,0.0,0.0,0.0,0.0,0.0,0.0,0.0,0.0,0.0,
898,2022-09-13 19:27:46,13,19,27,46,0.0,836.288,341.86,394.087,308.684,0.003,-0.351,0.0,0.0,0.0,0.0,0.0,0.0,0.0,0.0,0.0,0.0,0.0,0.0,
899,2022-09-13 19:27:47,13,19,27,47,0.0,835.801,341.645,395.883,308.817,0.011,-0.352,0.0,0.0,0.0,0.0,0.0,0.0,0.0,0.0,0.0,0.0,0.0,0.0,
900,2022-09-13 19:27:47,13,19,27,47,0.0,836.545,345.894,397.027,309.12,0.017,-0.337,0.0,0.0,0.0,0.0,0.0,0.0,0.0,0.0,0.0,0.0,0.0,0.0,
901,2022-09-13 19:27:48,13,19,27,48,0.0,838.606,351.78,396.906,310.722,0.0,-0.313,0.0,0.0,0.0,0.0,0.0,0.0,0.0,0.0,0.0,0.0,0.0,0.0,
902,2022-09-13 19:27:49,13,19,27,49,0.0,839.765,354.846,396.605,312.027,-0.004,-0.308,0.0,0.0,0.0,0.0,0.0,0.0,0.0,0.0,0.0,0.0,0.0,0.0,
903,2022-09-13 19:27:49,13,19,27,49,0.0,839.691,354.356,396.162,309.743,-0.003,-0.296,0.0,0.0,0.0,0.0,0.0,0.0,0.0,0.0,0.0,0.0,0.0,0.0,
904,2022-09-13 19:27:50,13,19,27,50,0.0,838.64,352.466,395.049,310.021,-0.003,-0.31,0.0,0.0,0.0,0.0,0.0,0.0,0.0,0.0,0.0,0.0,0.0,0.0,
905,2022-09-13 19:27:50,13,19,27,50,0.0,838.363,348.204,395.205,309.863,0.0,-0.325,0.0,0.0,0.0,0.0,0.0,0.0,0.0,0.0,0.0,0.0,0.0,0.0,
906,2022-09-13 19:27:51,13,19,27,51,0.0,838.74,344.52,396.8,309.781,0.0,-0.343,0.0,0.0,0.0,0.0,0.0,0.0,0.0,0.0,0.0,0.0,0.0,0.0,
907,2022-09-13 19:27:51,13,19,27,51,0.0,839.27,344.382,398.674,311.091,0.008,-0.353,0.0,0.0,0.0,0.0,0.0,0.0,0.0,0.0,0.0,0.0,0.0,0.0,
908,2022-09-13 19:27:52,13,19,27,52,0.0,839.551,349.247,399.467,312.272,0.012,-0.335,0.0,0.0,0.0,0.0,0.0,0.0,0.0,0.0,0.0,0.0,0.0,0.0,
909,2022-09-13 19:27:53,13,19,27,53,0.0,840.524,357.47,398.34,316.008,0.0,-0.315,0.0,0.0,0.0,0.0,0.0,0.0,0.0,0.0,0.0,0.0,0.0,0.0,
910,2022-09-13 19:27:53,13,19,27,53,0.0,841.438,359.617,397.827,319.721,-0.007,-0.319,0.0,0.0,0.0,0.0,0.0,0.0,0.0,0.0,0.0,0.0,0.0,0.0,
911,2022-09-13 19:27:54,13,19,27,54,0.0,841.561,358.655,396.988,313.935,-0.012,-0.294,0.0,0.0,0.0,0.0,0.0,0.0,0.0,0.0,0.0,0.0,0.0,0.0,
912,2022-09-13 19:27:54,13,19,27,54,0.0,839.171,356.898,395.421,312.155,-0.006,-0.298,0.0,0.0,0.0,0.0,0.0,0.0,0.0,0.0,0.0,0.0,0.0,0.0,
913,2022-09-13 19:27:55,13,19,27,55,0.0,838.573,349.092,394.97,309.779,-0.008,-0.321,0.0,0.0,0.0,0.0,0.0,0.0,0.0,0.0,0.0,0.0,0.0,0.0,
914,2022-09-13 19:27:55,13,19,27,55,0.0,837.423,346.986,395.945,314.24,0.0,-0.355,0.0,0.0,0.0,0.0,0.0,0.0,0.0,0.0,0.0,0.0,0.0,0.0,
915,2022-09-13 19:27:56,13,19,27,56,0.0,837.742,341.848,397.793,309.642,0.011,-0.356,0.0,0.0,0.0,0.0,0.0,0.0,0.0,0.0,0.0,0.0,0.0,0.0,
916,2022-09-13 19:27:57,13,19,27,57,0.0,837.722,347.96,398.88,314.568,0.016,-0.351,0.0,0.0,0.0,0.0,0.0,0.0,0.0,0.0,0.0,0.0,0.0,0.0,
917,2022-09-13 19:27:57,13,19,27,57,0.0,839.986,356.083,397.997,314.736,0.0,-0.312,0.0,0.0,0.0,0.0,0.0,0.0,0.0,0.0,0.0,0.0,0.0,0.0,
918,2022-09-13 19:27:58,13,19,27,58,0.0,840.427,357.63,396.459,315.006,-0.007,-0.309,0.0,0.0,0.0,0.0,0.0,0.0,0.0,0.0,0.0,0.0,0.0,0.0,
919,2022-09-13 19:27:58,13,19,27,58,0.0,840.59,359.462,394.968,314.429,-0.017,-0.295,0.0,0.0,0.0,0.0,0.0,0.0,0.0,0.0,0.0,0.0,0.0,0.0,
920,2022-09-13 19:27:59,13,19,27,59,0.0,837.763,355.093,393.154,313.482,-0.008,-0.312,0.0,0.0,0.0,0.0,0.0,0.0,0.0,0.0,0.0,0.0,0.0,0.0,
921,2022-09-13 19:27:59,13,19,27,59,0.0,836.278,349.955,392.138,311.254,-0.006,-0.327,0.0,0.0,0.0,0.0,0.0,0.0,0.0,0.0,0.0,0.0,0.0,0.0,
922,2022-09-13 19:28:00,13,19,28,0,0.0,835.65,347.833,393.093,313.565,0.0,-0.346,0.0,0.0,0.0,0.0,0.0,0.0,0.0,0.0,0.0,0.0,0.0,0.0,
923,2022-09-13 19:28:01,13,19,28,1,0.0,835.016,342.793,395.554,309.78,0.014,-0.351,0.0,0.0,0.0,0.0,0.0,0.0,0.0,0.0,0.0,0.0,0.0,0.0,
924,2022-09-13 19:28:01,13,19,28,1,0.0,835.116,352.362,396.026,317.753,0.019,-0.344,0.0,0.0,0.0,0.0,0.0,0.0,0.0,0.0,0.0,0.0,0.0,0.0,
925,2022-09-13 19:28:02,13,19,28,2,0.0,838.742,356.53,395.532,315.963,-0.004,-0.314,0.0,0.0,0.0,0.0,0.0,0.0,0.0,0.0,0.0,0.0,0.0,0.0,
926,2022-09-13 19:28:02,13,19,28,2,0.0,839.01,359.447,396.085,319.807,0.0,-0.319,0.0,0.0,0.0,0.0,0.0,0.0,0.0,0.0,0.0,0.0,0.0,0.0,
927,2022-09-13 19:28:03,13,19,28,3,0.0,839.276,356.602,395.946,316.673,-0.006,-0.319,0.0,0.0,0.0,0.0,0.0,0.0,0.0,0.0,0.0,0.0,0.0,0.0,
928,2022-09-13 19:28:03,13,19,28,3,0.0,838.108,357.505,395.526,320.658,0.0,-0.334,0.0,0.0,0.0,0.0,0.0,0.0,0.0,0.0,0.0,0.0,0.0,0.0,
929,2022-09-13 19:28:04,13,19,28,4,0.0,838.968,350.895,396.56,316.829,0.0,-0.346,0.0,0.0,0.0,0.0,0.0,0.0,0.0,0.0,0.0,0.0,0.0,0.0,
930,2022-09-13 19:28:05,13,19,28,5,0.0,839.202,347.263,398.866,315.804,0.009,-0.359,0.0,0.0,0.0,0.0,0.0,0.0,0.0,0.0,0.0,0.0,0.0,0.0,
931,2022-09-13 19:28:05,13,19,28,5,0.0,840.167,346.191,401.318,316.775,0.018,-0.369,0.0,0.0,0.0,0.0,0.0,0.0,0.0,0.0,0.0,0.0,0.0,0.0,
932,2022-09-13 19:28:06,13,19,28,6,0.0,842.467,354.806,402.313,319.813,0.012,-0.342,0.0,0.0,0.0,0.0,0.0,0.0,0.0,0.0,0.0,0.0,0.0,0.0,
933,2022-09-13 19:28:06,13,19,28,6,0.0,844.104,361.191,401.814,320.908,0.0,-0.316,0.0,0.0,0.0,0.0,0.0,0.0,0.0,0.0,0.0,0.0,0.0,0.0,
934,2022-09-13 19:28:07,13,19,28,7,0.0,846.527,365.174,401.357,323.354,-0.012,-0.311,0.0,0.0,0.0,0.0,0.0,0.0,0.0,0.0,0.0,0.0,0.0,0.0,
935,2022-09-13 19:28:07,13,19,28,7,0.0,846.069,363.029,399.072,320.643,-0.02,-0.307,0.0,0.0,0.0,0.0,0.0,0.0,0.0,0.0,0.0,0.0,0.0,0.0,
936,2022-09-13 19:28:08,13,19,28,8,0.0,841.768,361.552,397.108,318.829,-0.008,-0.305,0.0,0.0,0.0,0.0,0.0,0.0,0.0,0.0,0.0,0.0,0.0,0.0,
937,2022-09-13 19:28:08,13,19,28,8,0.0,841.29,348.02,397.011,315.135,-0.006,-0.355,0.0,0.0,0.0,0.0,0.0,0.0,0.0,0.0,0.0,0.0,0.0,0.0,
938,2022-09-13 19:28:09,13,19,28,9,0.0,840.914,341.582,398.182,315.875,0.0,-0.386,0.0,0.0,0.0,0.0,0.0,0.0,0.0,0.0,0.0,0.0,0.0,0.0,
939,2022-09-13 19:28:10,13,19,28,10,0.0,839.662,350.86,400.258,316.764,0.016,-0.346,0.0,0.0,0.0,0.0,0.0,0.0,0.0,0.0,0.0,0.0,0.0,0.0,
940,2022-09-13 19:28:10,13,19,28,10,0.0,838.974,354.126,400.547,315.713,0.019,-0.326,0.0,0.0,0.0,0.0,0.0,0.0,0.0,0.0,0.0,0.0,0.0,0.0,
941,2022-09-13 19:28:11,13,19,28,11,0.0,841.627,359.816,400.458,316.269,0.007,-0.303,0.0,0.0,0.0,0.0,0.0,0.0,0.0,0.0,0.0,0.0,0.0,0.0,
942,2022-09-13 19:28:11,13,19,28,11,0.0,843.646,354.973,400.553,319.588,-0.003,-0.341,0.0,0.0,0.0,0.0,0.0,0.0,0.0,0.0,0.0,0.0,0.0,0.0,
943,2022-09-13 19:28:12,13,19,28,12,0.0,845.419,353.259,399.717,316.221,-0.016,-0.335,0.0,0.0,0.0,0.0,0.0,0.0,0.0,0.0,0.0,0.0,0.0,0.0,
944,2022-09-13 19:28:12,13,19,28,12,0.0,842.006,353.233,398.404,315.477,-0.005,-0.33,0.0,0.0,0.0,0.0,0.0,0.0,0.0,0.0,0.0,0.0,0.0,0.0,
945,2022-09-13 19:28:13,13,19,28,13,0.0,841.354,349.973,398.687,316.734,0.0,-0.351,0.0,0.0,0.0,0.0,0.0,0.0,0.0,0.0,0.0,0.0,0.0,0.0,
946,2022-09-13 19:28:14,13,19,28,14,0.0,841.765,345.07,400.041,314.653,0.006,-0.364,0.0,0.0,0.0,0.0,0.0,0.0,0.0,0.0,0.0,0.0,0.0,0.0,
947,2022-09-13 19:28:14,13,19,28,14,0.0,842.077,349.001,401.956,317.888,0.009,-0.36,0.0,0.0,0.0,0.0,0.0,0.0,0.0,0.0,0.0,0.0,0.0,0.0,
948,2022-09-13 19:28:15,13,19,28,15,0.0,843.163,352.446,402.837,318.209,0.009,-0.348,0.0,0.0,0.0,0.0,0.0,0.0,0.0,0.0,0.0,0.0,0.0,0.0,
949,2022-09-13 19:28:15,13,19,28,15,0.0,844.165,357.019,401.409,315.689,0.0,-0.312,0.0,0.0,0.0,0.0,0.0,0.0,0.0,0.0,0.0,0.0,0.0,0.0,
950,2022-09-13 19:28:16,13,19,28,16,0.0,844.844,359.274,399.867,319.209,-0.014,-0.32,0.0,0.0,0.0,0.0,0.0,0.0,0.0,0.0,0.0,0.0,0.0,0.0,
951,2022-09-13 19:28:16,13,19,28,16,0.0,844.056,360.736,397.458,318.338,-0.019,-0.308,0.0,0.0,0.0,0.0,0.0,0.0,0.0,0.0,0.0,0.0,0.0,0.0,
952,2022-09-13 19:28:17,13,19,28,17,0.0,839.757,357.693,394.838,316.077,-0.013,-0.313,0.0,0.0,0.0,0.0,0.0,0.0,0.0,0.0,0.0,0.0,0.0,0.0,
953,2022-09-13 19:28:18,13,19,28,18,0.0,837.937,353.399,393.25,315.842,-0.009,-0.329,0.0,0.0,0.0,0.0,0.0,0.0,0.0,0.0,0.0,0.0,0.0,0.0,
954,2022-09-13 19:28:18,13,19,28,18,0.0,836.119,350.573,393.512,314.134,0.0,-0.338,0.0,0.0,0.0,0.0,0.0,0.0,0.0,0.0,0.0,0.0,0.0,0.0,
955,2022-09-13 19:28:19,13,19,28,19,0.0,835.107,350.186,394.679,311.639,0.009,-0.326,0.0,0.0,0.0,0.0,0.0,0.0,0.0,0.0,0.0,0.0,0.0,0.0,
956,2022-09-13 19:28:19,13,19,28,19,0.0,834.993,347.193,395.36,313.185,0.014,-0.349,0.0,0.0,0.0,0.0,0.0,0.0,0.0,0.0,0.0,0.0,0.0,0.0,
957,2022-09-13 19:28:20,13,19,28,20,0.0,837.019,353.442,393.873,316.117,-0.005,-0.334,0.0,0.0,0.0,0.0,0.0,0.0,0.0,0.0,0.0,0.0,0.0,0.0,
958,2022-09-13 19:28:20,13,19,28,20,0.0,838.11,355.582,392.407,315.297,-0.015,-0.319,0.0,0.0,0.0,0.0,0.0,0.0,0.0,0.0,0.0,0.0,0.0,0.0,
959,2022-09-13 19:28:21,13,19,28,21,0.0,835.791,358.202,389.583,313.754,-0.018,-0.297,0.0,0.0,0.0,0.0,0.0,0.0,0.0,0.0,0.0,0.0,0.0,0.0,
960,2022-09-13 19:28:22,13,19,28,22,0.0,834.094,355.02,386.5,313.69,-0.024,-0.312,0.0,0.0,0.0,0.0,0.0,0.0,0.0,0.0,0.0,0.0,0.0,0.0,
961,2022-09-13 19:28:22,13,19,28,22,0.0,828.977,346.475,385.159,309.447,-0.005,-0.334,0.0,0.0,0.0,0.0,0.0,0.0,0.0,0.0,0.0,0.0,0.0,0.0,
962,2022-09-13 19:28:23,13,19,28,23,0.0,827.045,342.157,385.484,309.512,0.005,-0.354,0.0,0.0,0.0,0.0,0.0,0.0,0.0,0.0,0.0,0.0,0.0,0.0,
963,2022-09-13 19:28:23,13,19,28,23,0.0,826.526,340.604,386.202,310.779,0.012,-0.367,0.0,0.0,0.0,0.0,0.0,0.0,0.0,0.0,0.0,0.0,0.0,0.0,
964,2022-09-13 19:28:24,13,19,28,24,0.0,827.825,348.519,386.252,315.371,0.006,-0.353,0.0,0.0,0.0,0.0,0.0,0.0,0.0,0.0,0.0,0.0,0.0,0.0,
965,2022-09-13 19:28:24,13,19,28,24,0.0,828.465,352.329,384.559,314.143,-0.007,-0.33,0.0,0.0,0.0,0.0,0.0,0.0,0.0,0.0,0.0,0.0,0.0,0.0,
966,2022-09-13 19:28:25,13,19,28,25,0.0,828.694,351.053,383.744,311.596,-0.013,-0.321,0.0,0.0,0.0,0.0,0.0,0.0,0.0,0.0,0.0,0.0,0.0,0.0,
967,2022-09-13 19:28:26,13,19,28,26,0.0,826.671,356.947,381.485,313.414,-0.013,-0.303,0.0,0.0,0.0,0.0,0.0,0.0,0.0,0.0,0.0,0.0,0.0,0.0,
968,2022-09-13 19:28:26,13,19,28,26,0.0,825.013,357.246,379.494,315.665,-0.014,-0.311,0.0,0.0,0.0,0.0,0.0,0.0,0.0,0.0,0.0,0.0,0.0,0.0,
969,2022-09-13 19:28:27,13,19,28,27,0.0,821.18,353.587,378.951,311.77,0.0,-0.309,0.0,0.0,0.0,0.0,0.0,0.0,0.0,0.0,0.0,0.0,0.0,0.0,
970,2022-09-13 19:28:27,13,19,28,27,0.0,820.92,343.085,380.539,308.441,0.01,-0.345,0.0,0.0,0.0,0.0,0.0,0.0,0.0,0.0,0.0,0.0,0.0,0.0,
971,2022-09-13 19:28:28,13,19,28,28,0.0,820.565,338.489,381.834,308.867,0.016,-0.367,0.0,0.0,0.0,0.0,0.0,0.0,0.0,0.0,0.0,0.0,0.0,0.0,
972,2022-09-13 19:28:28,13,19,28,28,0.0,823.621,346.071,382.454,311.109,0.007,-0.345,0.0,0.0,0.0,0.0,0.0,0.0,0.0,0.0,0.0,0.0,0.0,0.0,
973,2022-09-13 19:28:29,13,19,28,29,0.0,825.034,349.334,381.733,308.48,-0.005,-0.315,0.0,0.0,0.0,0.0,0.0,0.0,0.0,0.0,0.0,0.0,0.0,0.0,
974,2022-09-13 19:28:30,13,19,28,30,0.0,825.692,348.867,380.862,307.236,-0.013,-0.313,0.0,0.0,0.0,0.0,0.0,0.0,0.0,0.0,0.0,0.0,0.0,0.0,
975,2022-09-13 19:28:30,13,19,28,30,0.0,823.723,354.359,378.926,310.609,-0.013,-0.301,0.0,0.0,0.0,0.0,0.0,0.0,0.0,0.0,0.0,0.0,0.0,0.0,
976,2022-09-13 19:28:31,13,19,28,31,0.0,821.401,353.832,377.074,310.349,-0.007,-0.303,0.0,0.0,0.0,0.0,0.0,0.0,0.0,0.0,0.0,0.0,0.0,0.0,
977,2022-09-13 19:28:31,13,19,28,31,0.0,820.648,346.818,377.054,307.436,-0.003,-0.322,0.0,0.0,0.0,0.0,0.0,0.0,0.0,0.0,0.0,0.0,0.0,0.0,
978,2022-09-13 19:28:32,13,19,28,32,0.0,819.571,343.214,379.007,308.837,0.012,-0.345,0.0,0.0,0.0,0.0,0.0,0.0,0.0,0.0,0.0,0.0,0.0,0.0,
979,2022-09-13 19:28:32,13,19,28,32,0.0,819.422,344.399,381.287,312.77,0.022,-0.358,0.0,0.0,0.0,0.0,0.0,0.0,0.0,0.0,0.0,0.0,0.0,0.0,
980,2022-09-13 19:28:33,13,19,28,33,0.0,823.281,346.64,383.367,311.919,0.013,-0.343,0.0,0.0,0.0,0.0,0.0,0.0,0.0,0.0,0.0,0.0,0.0,0.0,
981,2022-09-13 19:28:34,13,19,28,34,0.0,826.308,355.529,383.737,314.555,0.0,-0.314,0.0,0.0,0.0,0.0,0.0,0.0,0.0,0.0,0.0,0.0,0.0,0.0,
982,2022-09-13 19:28:34,13,19,28,34,0.0,827.087,357.298,384.078,315.783,0.0,-0.311,0.0,0.0,0.0,0.0,0.0,0.0,0.0,0.0,0.0,0.0,0.0,0.0,
983,2022-09-13 19:28:35,13,19,28,35,0.0,827.409,358.186,384.049,314.359,0.0,-0.302,0.0,0.0,0.0,0.0,0.0,0.0,0.0,0.0,0.0,0.0,0.0,0.0,
984,2022-09-13 19:28:35,13,19,28,35,0.0,826.948,356.777,384.009,315.721,0.0,-0.313,0.0,0.0,0.0,0.0,0.0,0.0,0.0,0.0,0.0,0.0,0.0,0.0,
985,2022-09-13 19:28:36,13,19,28,36,0.0,827.5,350.644,384.944,311.374,0.0,-0.323,0.0,0.0,0.0,0.0,0.0,0.0,0.0,0.0,0.0,0.0,0.0,0.0,
986,2022-09-13 19:28:36,13,19,28,36,0.0,827.901,347.925,387.149,314.248,0.01,-0.351,0.0,0.0,0.0,0.0,0.0,0.0,0.0,0.0,0.0,0.0,0.0,0.0,
987,2022-09-13 19:28:37,13,19,28,37,0.0,828.83,345.934,389.614,313.174,0.015,-0.356,0.0,0.0,0.0,0.0,0.0,0.0,0.0,0.0,0.0,0.0,0.0,0.0,
988,2022-09-13 19:28:37,13,19,28,37,0.0,831.67,350.678,391.313,314.974,0.011,-0.338,0.0,0.0,0.0,0.0,0.0,0.0,0.0,0.0,0.0,0.0,0.0,0.0,
989,2022-09-13 19:28:38,13,19,28,38,0.0,833.369,353.767,390.966,314.081,0.0,-0.323,0.0,0.0,0.0,0.0,0.0,0.0,0.0,0.0,0.0,0.0,0.0,0.0,
990,2022-09-13 19:28:39,13,19,28,39,0.0,834.374,359.187,389.753,316.871,-0.011,-0.306,0.0,0.0,0.0,0.0,0.0,0.0,0.0,0.0,0.0,0.0,0.0,0.0,
991,2022-09-13 19:28:39,13,19,28,39,0.0,834.009,361.368,388.602,316.971,-0.014,-0.296,0.0,0.0,0.0,0.0,0.0,0.0,0.0,0.0,0.0,0.0,0.0,0.0,
992,2022-09-13 19:28:40,13,19,28,40,0.0,830.545,354.284,387.886,311.753,0.0,-0.306,0.0,0.0,0.0,0.0,0.0,0.0,0.0,0.0,0.0,0.0,0.0,0.0,
993,2022-09-13 19:28:40,13,19,28,40,0.0,830.265,352.26,388.026,314.047,0.004,-0.33,0.0,0.0,0.0,0.0,0.0,0.0,0.0,0.0,0.0,0.0,0.0,0.0,
994,2022-09-13 19:28:41,13,19,28,41,0.0,830.686,346.438,389.997,313.051,0.006,-0.353,0.0,0.0,0.0,0.0,0.0,0.0,0.0,0.0,0.0,0.0,0.0,0.0,
995,2022-09-13 19:28:41,13,19,28,41,0.0,832.041,344.632,392.798,308.223,0.014,-0.338,0.0,0.0,0.0,0.0,0.0,0.0,0.0,0.0,0.0,0.0,0.0,0.0,
996,2022-09-13 19:28:42,13,19,28,42,0.0,834.391,351.139,394.524,313.835,0.013,-0.331,0.0,0.0,0.0,0.0,0.0,0.0,0.0,0.0,0.0,0.0,0.0,0.0,
997,2022-09-13 19:28:43,13,19,28,43,0.0,836.032,351.472,394.276,309.485,0.005,-0.31,0.0,0.0,0.0,0.0,0.0,0.0,0.0,0.0,0.0,0.0,0.0,0.0,
998,2022-09-13 19:28:43,13,19,28,43,0.0,837.609,356.481,394.113,314.727,0.0,-0.31,0.0,0.0,0.0,0.0,0.0,0.0,0.0,0.0,0.0,0.0,0.0,0.0,
999,2022-09-13 19:28:44,13,19,28,44,0.0,838.556,354.468,393.463,311.531,-0.012,-0.305,0.0,0.0,0.0,0.0,0.0,0.0,0.0,0.0,0.0,0.0,0.0,0.0,
1000,2022-09-13 19:28:44,13,19,28,44,0.0,837.951,355.979,392.355,312.488,-0.014,-0.302,0.0,0.0,0.0,0.0,0.0,0.0,0.0,0.0,0.0,0.0,0.0,0.0,
1001,2022-09-13 19:28:45,13,19,28,45,0.0,835.757,350.771,391.759,310.245,-0.008,-0.318,0.0,0.0,0.0,0.0,0.0,0.0,0.0,0.0,0.0,0.0,0.0,0.0,
1002,2022-09-13 19:28:45,13,19,28,45,0.0,834.064,346.054,393.216,309.511,0.009,-0.336,0.0,0.0,0.0,0.0,0.0,0.0,0.0,0.0,0.0,0.0,0.0,0.0,
1003,2022-09-13 19:28:46,13,19,28,46,0.0,834.412,343.143,395.121,307.615,0.017,-0.34,0.0,0.0,0.0,0.0,0.0,0.0,0.0,0.0,0.0,0.0,0.0,0.0,
1004,2022-09-13 19:28:47,13,19,28,47,0.0,835.63,346.496,396.007,307.145,0.016,-0.324,0.0,0.0,0.0,0.0,0.0,0.0,0.0,0.0,0.0,0.0,0.0,0.0,
1005,2022-09-13 19:28:47,13,19,28,47,0.0,838.485,350.034,395.177,307.871,0.0,-0.307,0.0,0.0,0.0,0.0,0.0,0.0,0.0,0.0,0.0,0.0,0.0,0.0,
1006,2022-09-13 19:28:48,13,19,28,48,0.0,840.229,352.264,395.637,309.715,-0.011,-0.306,0.0,0.0,0.0,0.0,0.0,0.0,0.0,0.0,0.0,0.0,0.0,0.0,
1007,2022-09-13 19:28:48,13,19,28,48,0.0,840.567,352.001,395.349,308.14,-0.012,-0.302,0.0,0.0,0.0,0.0,0.0,0.0,0.0,0.0,0.0,0.0,0.0,0.0,
1008,2022-09-13 19:28:49,13,19,28,49,0.0,837.17,352.919,393.909,311.769,-0.006,-0.312,0.0,0.0,0.0,0.0,0.0,0.0,0.0,0.0,0.0,0.0,0.0,0.0,
1009,2022-09-13 19:28:49,13,19,28,49,0.0,836.343,347.386,394.063,308.326,0.003,-0.325,0.0,0.0,0.0,0.0,0.0,0.0,0.0,0.0,0.0,0.0,0.0,0.0,
1010,2022-09-13 19:28:50,13,19,28,50,0.0,836.37,343.446,395.928,309.021,0.008,-0.348,0.0,0.0,0.0,0.0,0.0,0.0,0.0,0.0,0.0,0.0,0.0,0.0,
1011,2022-09-13 19:28:51,13,19,28,51,0.0,837.586,342.679,397.769,307.931,0.012,-0.342,0.0,0.0,0.0,0.0,0.0,0.0,0.0,0.0,0.0,0.0,0.0,0.0,
1012,2022-09-13 19:28:51,13,19,28,51,0.0,838.639,347.614,398.04,308.373,0.011,-0.323,0.0,0.0,0.0,0.0,0.0,0.0,0.0,0.0,0.0,0.0,0.0,0.0,
1013,2022-09-13 19:28:52,13,19,28,52,0.0,840.49,354.989,397.0,311.552,-0.007,-0.302,0.0,0.0,0.0,0.0,0.0,0.0,0.0,0.0,0.0,0.0,0.0,0.0,
1014,2022-09-13 19:28:52,13,19,28,52,0.0,840.866,355.684,396.374,312.451,-0.009,-0.304,0.0,0.0,0.0,0.0,0.0,0.0,0.0,0.0,0.0,0.0,0.0,0.0,
1015,2022-09-13 19:28:53,13,19,28,53,0.0,838.783,355.098,394.258,309.399,-0.009,-0.292,0.0,0.0,0.0,0.0,0.0,0.0,0.0,0.0,0.0,0.0,0.0,0.0,
1016,2022-09-13 19:28:53,13,19,28,53,0.0,837.067,353.976,392.138,310.58,-0.01,-0.303,0.0,0.0,0.0,0.0,0.0,0.0,0.0,0.0,0.0,0.0,0.0,0.0,
1017,2022-09-13 19:28:54,13,19,28,54,0.0,836.173,349.729,391.094,307.217,-0.01,-0.309,0.0,0.0,0.0,0.0,0.0,0.0,0.0,0.0,0.0,0.0,0.0,0.0,
1018,2022-09-13 19:28:55,13,19,28,55,0.0,834.453,343.717,392.055,306.287,0.0,-0.333,0.0,0.0,0.0,0.0,0.0,0.0,0.0,0.0,0.0,0.0,0.0,0.0,
1019,2022-09-13 19:28:55,13,19,28,55,0.0,834.07,340.364,392.58,304.529,0.004,-0.339,0.0,0.0,0.0,0.0,0.0,0.0,0.0,0.0,0.0,0.0,0.0,0.0,
1020,2022-09-13 19:28:56,13,19,28,56,0.0,833.664,344.513,392.066,307.755,0.006,-0.334,0.0,0.0,0.0,0.0,0.0,0.0,0.0,0.0,0.0,0.0,0.0,0.0,
1021,2022-09-13 19:28:56,13,19,28,56,0.0,833.992,354.346,390.622,309.582,-0.005,-0.296,0.0,0.0,0.0,0.0,0.0,0.0,0.0,0.0,0.0,0.0,0.0,0.0,
1022,2022-09-13 19:28:57,13,19,28,57,0.0,834.402,352.063,388.962,307.927,-0.016,-0.297,0.0,0.0,0.0,0.0,0.0,0.0,0.0,0.0,0.0,0.0,0.0,0.0,
1023,2022-09-13 19:28:57,13,19,28,57,0.0,832.009,351.595,386.027,306.68,-0.014,-0.295,0.0,0.0,0.0,0.0,0.0,0.0,0.0,0.0,0.0,0.0,0.0,0.0,
1024,2022-09-13 19:28:58,13,19,28,58,0.0,828.549,350.016,383.354,306.801,-0.012,-0.302,0.0,0.0,0.0,0.0,0.0,0.0,0.0,0.0,0.0,0.0,0.0,0.0,
1025,2022-09-13 19:28:58,13,19,28,58,0.0,827.022,342.882,382.153,302.297,-0.01,-0.317,0.0,0.0,0.0,0.0,0.0,0.0,0.0,0.0,0.0,0.0,0.0,0.0,
1026,2022-09-13 19:28:59,13,19,28,59,0.0,825.413,341.139,381.465,304.765,-0.007,-0.335,0.0,0.0,0.0,0.0,0.0,0.0,0.0,0.0,0.0,0.0,0.0,0.0,
1027,2022-09-13 19:29:00,13,19,29,0,0.0,824.082,341.727,381.664,306.08,0.0,-0.342,0.0,0.0,0.0,0.0,0.0,0.0,0.0,0.0,0.0,0.0,0.0,0.0,
1028,2022-09-13 19:29:00,13,19,29,0,0.0,823.089,343.179,381.236,303.135,0.004,-0.321,0.0,0.0,0.0,0.0,0.0,0.0,0.0,0.0,0.0,0.0,0.0,0.0,
1029,2022-09-13 19:29:01,13,19,29,1,0.0,822.215,348.527,379.916,306.092,0.0,-0.309,0.0,0.0,0.0,0.0,0.0,0.0,0.0,0.0,0.0,0.0,0.0,0.0,
1030,2022-09-13 19:29:01,13,19,29,1,0.0,822.518,352.312,378.34,312.638,-0.007,-0.32,0.0,0.0,0.0,0.0,0.0,0.0,0.0,0.0,0.0,0.0,0.0,0.0,
1031,2022-09-13 19:29:02,13,19,29,2,0.0,822.394,353.954,375.505,308.871,-0.021,-0.293,0.0,0.0,0.0,0.0,0.0,0.0,0.0,0.0,0.0,0.0,0.0,0.0,
1032,2022-09-13 19:29:02,13,19,29,2,0.0,820.368,353.716,372.387,309.533,-0.026,-0.299,0.0,0.0,0.0,0.0,0.0,0.0,0.0,0.0,0.0,0.0,0.0,0.0,
1033,2022-09-13 19:29:03,13,19,29,3,0.0,814.221,349.379,370.185,306.965,-0.006,-0.305,0.0,0.0,0.0,0.0,0.0,0.0,0.0,0.0,0.0,0.0,0.0,0.0,
1034,2022-09-13 19:29:04,13,19,29,4,0.0,812.535,343.886,369.802,305.482,0.0,-0.327,0.0,0.0,0.0,0.0,0.0,0.0,0.0,0.0,0.0,0.0,0.0,0.0,
1035,2022-09-13 19:29:04,13,19,29,4,0.0,812.797,339.194,370.392,303.783,0.0,-0.34,0.0,0.0,0.0,0.0,0.0,0.0,0.0,0.0,0.0,0.0,0.0,0.0,
1036,2022-09-13 19:29:05,13,19,29,5,0.0,811.688,339.481,370.891,302.133,0.006,-0.334,0.0,0.0,0.0,0.0,0.0,0.0,0.0,0.0,0.0,0.0,0.0,0.0,
1037,2022-09-13 19:29:05,13,19,29,5,0.0,810.645,354.073,369.741,304.301,0.007,-0.273,0.0,0.0,0.0,0.0,0.0,0.0,0.0,0.0,0.0,0.0,0.0,0.0,
1038,2022-09-13 19:29:06,13,19,29,6,0.0,811.97,348.956,368.964,302.883,-0.005,-0.288,0.0,0.0,0.0,0.0,0.0,0.0,0.0,0.0,0.0,0.0,0.0,0.0,
1039,2022-09-13 19:29:06,13,19,29,6,0.0,812.797,348.144,367.287,305.593,-0.013,-0.307,0.0,0.0,0.0,0.0,0.0,0.0,0.0,0.0,0.0,0.0,0.0,0.0,
1040,2022-09-13 19:29:07,13,19,29,7,0.0,810.735,347.641,364.883,305.677,-0.018,-0.309,0.0,0.0,0.0,0.0,0.0,0.0,0.0,0.0,0.0,0.0,0.0,0.0,
1041,2022-09-13 19:29:08,13,19,29,8,0.0,807.515,341.287,362.929,300.671,-0.012,-0.315,0.0,0.0,0.0,0.0,0.0,0.0,0.0,0.0,0.0,0.0,0.0,0.0,
1042,2022-09-13 19:29:08,13,19,29,8,0.0,804.849,336.502,364.011,298.958,0.01,-0.329,0.0,0.0,0.0,0.0,0.0,0.0,0.0,0.0,0.0,0.0,0.0,0.0,
1043,2022-09-13 19:29:09,13,19,29,9,0.0,804.024,337.13,365.031,300.904,0.019,-0.335,0.0,0.0,0.0,0.0,0.0,0.0,0.0,0.0,0.0,0.0,0.0,0.0,
1044,2022-09-13 19:29:09,13,19,29,9,0.0,807.72,341.901,364.507,301.903,-0.003,-0.317,0.0,0.0,0.0,0.0,0.0,0.0,0.0,0.0,0.0,0.0,0.0,0.0,
1045,2022-09-13 19:29:10,13,19,29,10,0.0,808.608,348.912,362.734,303.602,-0.017,-0.293,0.0,0.0,0.0,0.0,0.0,0.0,0.0,0.0,0.0,0.0,0.0,0.0,
1046,2022-09-13 19:29:10,13,19,29,10,0.0,806.419,352.438,361.729,307.108,-0.012,-0.295,0.0,0.0,0.0,0.0,0.0,0.0,0.0,0.0,0.0,0.0,0.0,0.0,
1047,2022-09-13 19:29:11,13,19,29,11,0.0,804.184,350.067,359.954,301.886,-0.01,-0.278,0.0,0.0,0.0,0.0,0.0,0.0,0.0,0.0,0.0,0.0,0.0,0.0,
1048,2022-09-13 19:29:12,13,19,29,12,0.0,800.942,353.028,357.73,306.69,-0.005,-0.288,0.0,0.0,0.0,0.0,0.0,0.0,0.0,0.0,0.0,0.0,0.0,0.0,
1049,2022-09-13 19:29:12,13,19,29,12,0.0,800.806,345.952,357.827,303.26,-0.004,-0.307,0.0,0.0,0.0,0.0,0.0,0.0,0.0,0.0,0.0,0.0,0.0,0.0,
1050,2022-09-13 19:29:13,13,19,29,13,0.0,800.08,342.522,360.612,303.321,0.014,-0.324,0.0,0.0,0.0,0.0,0.0,0.0,0.0,0.0,0.0,0.0,0.0,0.0,
1051,2022-09-13 19:29:13,13,19,29,13,0.0,799.824,337.953,363.161,298.759,0.03,-0.322,0.0,0.0,0.0,0.0,0.0,0.0,0.0,0.0,0.0,0.0,0.0,0.0,
1052,2022-09-13 19:29:14,13,19,29,14,0.0,805.479,348.953,364.422,307.556,0.007,-0.312,0.0,0.0,0.0,0.0,0.0,0.0,0.0,0.0,0.0,0.0,0.0,0.0,
1053,2022-09-13 19:29:14,13,19,29,14,0.0,807.863,355.76,364.134,305.743,-0.004,-0.27,0.0,0.0,0.0,0.0,0.0,0.0,0.0,0.0,0.0,0.0,0.0,0.0,
1054,2022-09-13 19:29:15,13,19,29,15,0.0,809.164,357.554,363.735,303.459,-0.015,-0.252,0.0,0.0,0.0,0.0,0.0,0.0,0.0,0.0,0.0,0.0,0.0,0.0,
1055,2022-09-13 19:29:16,13,19,29,16,0.0,806.745,355.959,362.344,302.766,-0.008,-0.255,0.0,0.0,0.0,0.0,0.0,0.0,0.0,0.0,0.0,0.0,0.0,0.0,
1056,2022-09-13 19:29:16,13,19,29,16,0.0,804.563,352.497,361.739,301.626,0.0,-0.266,0.0,0.0,0.0,0.0,0.0,0.0,0.0,0.0,0.0,0.0,0.0,0.0,
1057,2022-09-13 19:29:17,13,19,29,17,0.0,803.868,347.117,362.961,302.202,0.005,-0.297,0.0,0.0,0.0,0.0,0.0,0.0,0.0,0.0,0.0,0.0,0.0,0.0,
1058,2022-09-13 19:29:17,13,19,29,17,0.0,805.222,342.503,366.019,301.869,0.018,-0.314,0.0,0.0,0.0,0.0,0.0,0.0,0.0,0.0,0.0,0.0,0.0,0.0,
1059,2022-09-13 19:29:18,13,19,29,18,0.0,807.072,339.807,368.48,297.9,0.019,-0.308,0.0,0.0,0.0,0.0,0.0,0.0,0.0,0.0,0.0,0.0,0.0,0.0,
1060,2022-09-13 19:29:18,13,19,29,18,0.0,809.66,347.7,370.364,305.3,0.016,-0.309,0.0,0.0,0.0,0.0,0.0,0.0,0.0,0.0,0.0,0.0,0.0,0.0,
1061,2022-09-13 19:29:19,13,19,29,19,0.0,810.709,458.162,371.445,299.646,0.016,0.25,0.0,0.0,0.0,0.0,0.0,0.0,0.0,0.0,0.0,0.0,0.0,0.0,
1062,2022-09-13 19:29:20,13,19,29,20,0.0,813.968,528.497,371.064,301.833,0.0,0.578,0.0,0.0,0.0,0.0,0.0,0.0,0.0,0.0,0.0,0.0,0.0,0.0,
1063,2022-09-13 19:29:20,13,19,29,20,0.0,814.457,571.848,370.86,300.816,-0.007,0.791,0.0,0.0,0.0,0.0,0.0,0.0,0.0,0.0,0.0,0.0,0.0,0.0,
1064,2022-09-13 19:29:21,13,19,29,21,0.0,814.534,613.777,372.231,301.291,0.0,0.988,0.0,0.0,0.0,0.0,0.0,0.0,0.0,0.0,0.0,0.0,0.0,0.0,
1065,2022-09-13 19:29:21,13,19,29,21,0.0,811.299,639.101,375.275,298.406,0.032,1.124,0.0,0.0,0.0,0.0,0.0,0.0,0.0,0.0,0.0,0.0,0.0,0.0,
1066,2022-09-13 19:29:22,13,19,29,22,0.0,818.67,654.444,379.166,297.312,0.016,1.202,0.0,0.0,0.0,0.0,0.0,0.0,0.0,0.0,0.0,0.0,0.0,0.0,
1067,2022-09-13 19:29:22,13,19,29,22,0.0,824.854,663.238,383.988,300.059,0.006,1.23,0.0,0.0,0.0,0.0,0.0,0.0,0.0,0.0,0.0,0.0,0.0,0.0,
1068,2022-09-13 19:29:23,13,19,29,23,0.0,829.01,588.147,388.326,299.499,0.01,0.874,0.0,0.0,0.0,0.0,0.0,0.0,0.0,0.0,0.0,0.0,0.0,0.0,
1069,2022-09-13 19:29:24,13,19,29,24,0.0,832.324,511.282,390.099,298.509,0.003,0.51,0.0,0.0,0.0,0.0,0.0,0.0,0.0,0.0,0.0,0.0,0.0,0.0,
1070,2022-09-13 19:29:24,13,19,29,24,0.0,831.843,468.375,391.344,303.32,0.01,0.28,0.0,0.0,0.0,0.0,0.0,0.0,0.0,0.0,0.0,0.0,0.0,0.0,
